"#Experiment settings"
"#Number of sensors","5"
"#Battery usage in 1 moment of time","1.0"
"#Battery cappacity","10"
"#Sensor range","35"
"#Q","0,80"
"#C","0.5"
"#Con","1.0"
"#Coff+","1.0"
"#C1","0.5"
"#C2","4.0"
"#C3","0.5"
"#C4","0.8"
"#delta2","0.2"
"#form file","WSN-5d-test1.txt"
"#Poi placement","36"
"#Max_num_of_iter","20"
"#Max_num_of_runs","100"
"#U","2"
"#all-c","0,20"
"#all-d","0,20"
"#K-c","0,20"
"#K-d","0,20"
"#K-dc","0,20"
"#max k","3"
"#p_init_ON","0.5"
"#H","4"
"#epsylon","0.3"
"#strategy change type","Evolutionary"
"#strategy change range","RTS+ strategy"
"#Ready to share income","True"
"#Ready to share init","0.4"
"#Debug part1"
"##Sensors states"
"id","state"
"1","1"
"2","0"
"3","1"
"4","0"
"5","0"
"Sensor 1"
"curr_strat","is strategy selected by eps","RTS","m_i^RTS","k"
"KDC","True","0","1","2"
"Strategia","Nagroda"
"AllD","0,00"
"KDC","0,00"
"AllD","0,00"
"AllD","0,00"
"Neighbours list"
"id"
"2"
"Sensor 2"
"curr_strat","is strategy selected by eps","RTS","m_i^RTS","k"
"AllD","True","1","0","2"
"Strategia","Nagroda"
"ALLC","0,48"
"KD","0,56"
"KC","0,35"
"KC","0,56"
"Neighbours list"
"id"
"3"
"1"
"4"
"Sensor 3"
"curr_strat","is strategy selected by eps","RTS","m_i^RTS","k"
"AllD","True","0","2","1"
"Strategia","Nagroda"
"KC","0,00"
"AllD","0,00"
"KC","0,71"
"AllD","0,00"
"Neighbours list"
"id"
"2"
"5"
"Sensor 4"
"curr_strat","is strategy selected by eps","RTS","m_i^RTS","k"
"ALLC","True","0","1","1"
"Strategia","Nagroda"
"ALLC","0,90"
"ALLC","0,90"
"KDC","0,00"
"KD","0,90"
"Neighbours list"
"id"
"2"
"Sensor 5"
"curr_strat","is strategy selected by eps","RTS","m_i^RTS","k"
"AllD","True","1","0","2"
"Strategia","Nagroda"
"AllD","0,00"
"KD","0,68"
"ALLC","0,75"
"KD","0,68"
"Neighbours list"
"id"
"3"
"###iteration","1"
"#Debug part 2"
"##Sensors states"
"id","state"
"1","0"
"2","0"
"3","0"
"4","1"
"5","0"
"Sensor 1"
"curr_strat","is strategy selected by eps","RTS","m_i^RTS","k"
"KDC","True","0","1","2"
"Strategia","Nagroda"
"AllD","0,00"
"KDC","0,00"
"AllD","0,00"
"AllD","0,00"
"Sensor 2"
"curr_strat","is strategy selected by eps","RTS","m_i^RTS","k"
"AllD","True","1","0","2"
"Strategia","Nagroda"
"ALLC","0,48"
"KD","0,56"
"KC","0,35"
"KC","0,56"
"Sensor 3"
"curr_strat","is strategy selected by eps","RTS","m_i^RTS","k"
"AllD","True","0","2","1"
"Strategia","Nagroda"
"KC","0,00"
"AllD","0,00"
"KC","0,71"
"AllD","0,00"
"Sensor 4"
"curr_strat","is strategy selected by eps","RTS","m_i^RTS","k"
"ALLC","True","0","1","1"
"Strategia","Nagroda"
"ALLC","0,90"
"ALLC","0,90"
"KDC","0,00"
"KD","0,90"
"Sensor 5"
"curr_strat","is strategy selected by eps","RTS","m_i^RTS","k"
"AllD","True","1","0","2"
"Strategia","Nagroda"
"AllD","0,00"
"KD","0,68"
"ALLC","0,75"
"KD","0,68"
"#Debug part 3"
"Sensor 1"
"rev_i","rev_to_Send","rev_sh","sum"
"0,00","0,00","0,00","0,00"
"Sensor 2"
"rev_i","rev_to_Send","rev_sh","sum"
"0,00","0,00","0,00","0,00"
"Sensor 3"
"rev_i","rev_to_Send","rev_sh","sum"
"0,00","0,00","0,00","0,00"
"Sensor 4"
"rev_i","rev_to_Send","rev_sh","sum"
"0,46","0,00","0,00","0,46"
"Sensor 5"
"rev_i","rev_to_Send","rev_sh","sum"
"0,00","0,00","0,00","0,00"
"#Debug part 4"
"Sum","0,09"
"#Debug part 5"
"Sensor Number","State","Strategy Name","is strategy selected by eps","k"
"Sensor1","0","AllD","True","2"
"Sensor2","0","KD","False","2"
"Sensor3","0","KC","False","1"
"Sensor4","1","ALLC","False","1"
"Sensor5","0","ALLC","False","2"
"###iteration","2"
"#Debug part 2"
"##Sensors states"
"id","state"
"1","0"
"2","1"
"3","1"
"4","1"
"5","1"
"Sensor 1"
"curr_strat","is strategy selected by eps","RTS","m_i^RTS","k"
"AllD","True","0","1","2"
"Strategia","Nagroda"
"KDC","0,00"
"AllD","0,00"
"AllD","0,00"
"KDC","0,00"
"Sensor 2"
"curr_strat","is strategy selected by eps","RTS","m_i^RTS","k"
"KD","False","1","0","2"
"Strategia","Nagroda"
"KD","0,56"
"KC","0,35"
"KC","0,56"
"AllD","0,00"
"Sensor 3"
"curr_strat","is strategy selected by eps","RTS","m_i^RTS","k"
"KC","False","0","2","1"
"Strategia","Nagroda"
"AllD","0,00"
"KC","0,71"
"AllD","0,00"
"AllD","0,00"
"Sensor 4"
"curr_strat","is strategy selected by eps","RTS","m_i^RTS","k"
"ALLC","False","0","1","1"
"Strategia","Nagroda"
"ALLC","0,90"
"KDC","0,00"
"KD","0,90"
"ALLC","0,46"
"Sensor 5"
"curr_strat","is strategy selected by eps","RTS","m_i^RTS","k"
"ALLC","False","1","0","2"
"Strategia","Nagroda"
"KD","0,68"
"ALLC","0,75"
"KD","0,68"
"AllD","0,00"
"#Debug part 3"
"Sensor 1"
"rev_i","rev_to_Send","rev_sh","sum"
"0,00","0,00","0,00","0,00"
"Sensor 2"
"rev_i","rev_to_Send","rev_sh","sum"
"0,39","0,00","0,00","0,39"
"Sensor 3"
"rev_i","rev_to_Send","rev_sh","sum"
"0,71","0,00","0,00","0,71"
"Sensor 4"
"rev_i","rev_to_Send","rev_sh","sum"
"0,90","0,00","0,00","1,36"
"Sensor 5"
"rev_i","rev_to_Send","rev_sh","sum"
"0,75","0,00","0,00","0,75"
"#Debug part 4"
"Sum","0,32"
"#Debug part 5"
"Sensor Number","State","Strategy Name","is strategy selected by eps","k"
"Sensor1","0","AllD","False","2"
"Sensor2","1","KD","True","2"
"Sensor3","1","KC","False","1"
"Sensor4","1","ALLC","False","1"
"Sensor5","1","KD","True","2"
"#Debug part 6b"
"#Sensor id","1"
"#Sensor current Strategy","AllD"
"#Sensor neighbours"
"#id","Strategy","probablility range"
"1","AllD","(0,00|0,00)"
"2","KD","(0,00|1,00)"
"random x","0,90"
"#Sensor id","2"
"#Sensor current Strategy","KD"
"#Sensor neighbours"
"#id","Strategy","probablility range"
"2","KD","(0,00|0,16)"
"3","KC","(0,16|0,45)"
"1","AllD","(0,45|0,45)"
"4","ALLC","(0,45|1,00)"
"random x","0,77"
"#Sensor id","3"
"#Sensor current Strategy","KC"
"#Sensor neighbours"
"#id","Strategy","probablility range"
"3","KC","(0,00|0,39)"
"2","KD","(0,39|0,59)"
"5","KD","(0,59|1,00)"
"random x","0,42"
"#Sensor id","4"
"#Sensor current Strategy","ALLC"
"#Sensor neighbours"
"#id","Strategy","probablility range"
"4","ALLC","(0,00|0,78)"
"2","KD","(0,78|1,00)"
"random x","0,38"
"#Sensor id","5"
"#Sensor current Strategy","KD"
"#Sensor neighbours"
"#id","Strategy","probablility range"
"5","KD","(0,00|0,51)"
"3","KC","(0,51|1,00)"
"random x","0,24"
"#Debug part 7"
"Sensor 1"
"State","current_strategy","is strategy selected by eps","RTS tag","mi^RTS","K"
"0","KD","False","1","0","2"
"Sensor 2"
"State","current_strategy","is strategy selected by eps","RTS tag","mi^RTS","K"
"1","ALLC","True","0","2","1"
"Sensor 3"
"State","current_strategy","is strategy selected by eps","RTS tag","mi^RTS","K"
"1","KD","False","1","1","2"
"Sensor 4"
"State","current_strategy","is strategy selected by eps","RTS tag","mi^RTS","K"
"1","ALLC","False","0","0","1"
"Sensor 5"
"State","current_strategy","is strategy selected by eps","RTS tag","mi^RTS","K"
"1","KD","True","1","1","2"
"Procent of strategy changed","0,60"
"###iteration","3"
"#Debug part 2"
"##Sensors states"
"id","state"
"1","1"
"2","1"
"3","1"
"4","1"
"5","1"
"Sensor 1"
"curr_strat","is strategy selected by eps","RTS","m_i^RTS","k"
"KD","False","1","0","2"
"Strategia","Nagroda"
"AllD","0,00"
"AllD","0,00"
"KDC","0,00"
"AllD","0,00"
"Sensor 2"
"curr_strat","is strategy selected by eps","RTS","m_i^RTS","k"
"ALLC","True","0","2","1"
"Strategia","Nagroda"
"KC","0,35"
"KC","0,56"
"AllD","0,00"
"KD","0,39"
"Sensor 3"
"curr_strat","is strategy selected by eps","RTS","m_i^RTS","k"
"KD","False","1","1","2"
"Strategia","Nagroda"
"KC","0,71"
"AllD","0,00"
"AllD","0,00"
"KC","0,71"
"Sensor 4"
"curr_strat","is strategy selected by eps","RTS","m_i^RTS","k"
"ALLC","False","0","0","1"
"Strategia","Nagroda"
"KDC","0,00"
"KD","0,90"
"ALLC","0,46"
"ALLC","0,90"
"Sensor 5"
"curr_strat","is strategy selected by eps","RTS","m_i^RTS","k"
"KD","True","1","1","2"
"Strategia","Nagroda"
"ALLC","0,75"
"KD","0,68"
"AllD","0,00"
"ALLC","0,75"
"#Debug part 3"
"Sensor 1"
"rev_i","rev_to_Send","rev_sh","sum"
"0,73","0,00","0,00","0,73"
"Sensor 2"
"rev_i","rev_to_Send","rev_sh","sum"
"0,57","0,00","0,00","0,57"
"Sensor 3"
"rev_i","rev_to_Send","rev_sh","sum"
"0,71","0,36","0,38","0,73"
"Sensor 4"
"rev_i","rev_to_Send","rev_sh","sum"
"0,90","0,00","0,00","0,90"
"Sensor 5"
"rev_i","rev_to_Send","rev_sh","sum"
"0,75","0,38","0,36","0,73"
"#Debug part 4"
"Sum","0,73"
"#Debug part 5"
"Sensor Number","State","Strategy Name","is strategy selected by eps","k"
"Sensor1","1","KD","False","2"
"Sensor2","1","ALLC","False","1"
"Sensor3","1","KD","False","2"
"Sensor4","1","ALLC","False","1"
"Sensor5","1","ALLC","False","2"
"###iteration","4"
"#Debug part 2"
"##Sensors states"
"id","state"
"1","1"
"2","1"
"3","1"
"4","1"
"5","1"
"Sensor 1"
"curr_strat","is strategy selected by eps","RTS","m_i^RTS","k"
"KD","False","1","0","2"
"Strategia","Nagroda"
"AllD","0,00"
"KDC","0,00"
"AllD","0,00"
"KD","0,73"
"Sensor 2"
"curr_strat","is strategy selected by eps","RTS","m_i^RTS","k"
"ALLC","False","0","2","1"
"Strategia","Nagroda"
"KC","0,56"
"AllD","0,00"
"KD","0,39"
"ALLC","0,57"
"Sensor 3"
"curr_strat","is strategy selected by eps","RTS","m_i^RTS","k"
"KD","False","1","1","2"
"Strategia","Nagroda"
"AllD","0,00"
"AllD","0,00"
"KC","0,71"
"KD","0,73"
"Sensor 4"
"curr_strat","is strategy selected by eps","RTS","m_i^RTS","k"
"ALLC","False","0","0","1"
"Strategia","Nagroda"
"KD","0,90"
"ALLC","0,46"
"ALLC","0,90"
"ALLC","0,90"
"Sensor 5"
"curr_strat","is strategy selected by eps","RTS","m_i^RTS","k"
"ALLC","False","1","1","2"
"Strategia","Nagroda"
"KD","0,68"
"AllD","0,00"
"ALLC","0,75"
"KD","0,73"
"#Debug part 3"
"Sensor 1"
"rev_i","rev_to_Send","rev_sh","sum"
"0,73","0,00","0,00","1,45"
"Sensor 2"
"rev_i","rev_to_Send","rev_sh","sum"
"0,57","0,00","0,00","1,14"
"Sensor 3"
"rev_i","rev_to_Send","rev_sh","sum"
"0,71","0,36","0,38","1,46"
"Sensor 4"
"rev_i","rev_to_Send","rev_sh","sum"
"0,90","0,00","0,00","1,80"
"Sensor 5"
"rev_i","rev_to_Send","rev_sh","sum"
"0,75","0,38","0,36","1,46"
"#Debug part 4"
"Sum","0,73"
"#Debug part 5"
"Sensor Number","State","Strategy Name","is strategy selected by eps","k"
"Sensor1","1","AllD","True","2"
"Sensor2","1","ALLC","False","1"
"Sensor3","1","KD","False","2"
"Sensor4","1","KD","True","0"
"Sensor5","1","KD","True","0"
"#Debug part 6b"
"#Sensor id","1"
"#Sensor current Strategy","AllD"
"#Sensor neighbours"
"#id","Strategy","probablility range"
"1","AllD","(0,00|0,56)"
"2","ALLC","(0,56|1,00)"
"random x","0,51"
"#Sensor id","2"
"#Sensor current Strategy","ALLC"
"#Sensor neighbours"
"#id","Strategy","probablility range"
"2","ALLC","(0,00|0,19)"
"3","KD","(0,19|0,44)"
"1","AllD","(0,44|0,69)"
"4","KD","(0,69|1,00)"
"random x","0,82"
"#Sensor id","3"
"#Sensor current Strategy","KD"
"#Sensor neighbours"
"#id","Strategy","probablility range"
"3","KD","(0,00|0,36)"
"2","ALLC","(0,36|0,64)"
"5","KD","(0,64|1,00)"
"random x","0,94"
"#Sensor id","4"
"#Sensor current Strategy","KD"
"#Sensor neighbours"
"#id","Strategy","probablility range"
"4","KD","(0,00|0,61)"
"2","ALLC","(0,61|1,00)"
"random x","0,21"
"#Sensor id","5"
"#Sensor current Strategy","KD"
"#Sensor neighbours"
"#id","Strategy","probablility range"
"5","KD","(0,00|0,50)"
"3","KD","(0,50|1,00)"
"random x","0,52"
"#Debug part 7"
"Sensor 1"
"State","current_strategy","is strategy selected by eps","RTS tag","mi^RTS","K"
"1","AllD","True","1","0","2"
"Sensor 2"
"State","current_strategy","is strategy selected by eps","RTS tag","mi^RTS","K"
"1","KD","False","0","2","0"
"Sensor 3"
"State","current_strategy","is strategy selected by eps","RTS tag","mi^RTS","K"
"1","KD","False","1","1","0"
"Sensor 4"
"State","current_strategy","is strategy selected by eps","RTS tag","mi^RTS","K"
"1","KD","True","0","0","0"
"Sensor 5"
"State","current_strategy","is strategy selected by eps","RTS tag","mi^RTS","K"
"1","KD","True","1","1","2"
"Procent of strategy changed","0,60"
"###iteration","5"
"#Debug part 2"
"##Sensors states"
"id","state"
"1","0"
"2","1"
"3","1"
"4","1"
"5","1"
"Sensor 1"
"curr_strat","is strategy selected by eps","RTS","m_i^RTS","k"
"AllD","True","1","0","2"
"Strategia","Nagroda"
"KDC","0,00"
"AllD","0,00"
"KD","0,73"
"KD","0,73"
"Sensor 2"
"curr_strat","is strategy selected by eps","RTS","m_i^RTS","k"
"KD","False","0","2","0"
"Strategia","Nagroda"
"AllD","0,00"
"KD","0,39"
"ALLC","0,57"
"ALLC","0,57"
"Sensor 3"
"curr_strat","is strategy selected by eps","RTS","m_i^RTS","k"
"KD","False","1","1","0"
"Strategia","Nagroda"
"AllD","0,00"
"KC","0,71"
"KD","0,73"
"KD","0,73"
"Sensor 4"
"curr_strat","is strategy selected by eps","RTS","m_i^RTS","k"
"KD","True","0","0","0"
"Strategia","Nagroda"
"ALLC","0,46"
"ALLC","0,90"
"ALLC","0,90"
"ALLC","0,90"
"Sensor 5"
"curr_strat","is strategy selected by eps","RTS","m_i^RTS","k"
"KD","True","1","1","2"
"Strategia","Nagroda"
"AllD","0,00"
"ALLC","0,75"
"KD","0,73"
"ALLC","0,73"
"#Debug part 3"
"Sensor 1"
"rev_i","rev_to_Send","rev_sh","sum"
"0,00","0,00","0,00","0,00"
"Sensor 2"
"rev_i","rev_to_Send","rev_sh","sum"
"0,39","0,00","0,00","0,39"
"Sensor 3"
"rev_i","rev_to_Send","rev_sh","sum"
"0,71","0,36","0,38","0,73"
"Sensor 4"
"rev_i","rev_to_Send","rev_sh","sum"
"0,90","0,00","0,00","0,90"
"Sensor 5"
"rev_i","rev_to_Send","rev_sh","sum"
"0,75","0,38","0,36","0,73"
"#Debug part 4"
"Sum","0,55"
"#Debug part 5"
"Sensor Number","State","Strategy Name","is strategy selected by eps","k"
"Sensor1","0","AllD","True","2"
"Sensor2","1","ALLC","False","0"
"Sensor3","1","KC","True","1"
"Sensor4","1","KD","True","0"
"Sensor5","1","ALLC","False","2"
"###iteration","6"
"#Debug part 2"
"##Sensors states"
"id","state"
"1","0"
"2","1"
"3","0"
"4","1"
"5","1"
"Sensor 1"
"curr_strat","is strategy selected by eps","RTS","m_i^RTS","k"
"AllD","True","1","0","2"
"Strategia","Nagroda"
"AllD","0,00"
"KD","0,73"
"KD","0,73"
"AllD","0,00"
"Sensor 2"
"curr_strat","is strategy selected by eps","RTS","m_i^RTS","k"
"ALLC","False","0","2","0"
"Strategia","Nagroda"
"KD","0,39"
"ALLC","0,57"
"ALLC","0,57"
"KD","0,39"
"Sensor 3"
"curr_strat","is strategy selected by eps","RTS","m_i^RTS","k"
"KC","True","1","1","1"
"Strategia","Nagroda"
"KC","0,71"
"KD","0,73"
"KD","0,73"
"KD","0,73"
"Sensor 4"
"curr_strat","is strategy selected by eps","RTS","m_i^RTS","k"
"KD","True","0","0","0"
"Strategia","Nagroda"
"ALLC","0,90"
"ALLC","0,90"
"ALLC","0,90"
"KD","0,90"
"Sensor 5"
"curr_strat","is strategy selected by eps","RTS","m_i^RTS","k"
"ALLC","False","1","1","2"
"Strategia","Nagroda"
"ALLC","0,75"
"KD","0,73"
"ALLC","0,73"
"KD","0,73"
"#Debug part 3"
"Sensor 1"
"rev_i","rev_to_Send","rev_sh","sum"
"0,00","0,00","0,00","0,00"
"Sensor 2"
"rev_i","rev_to_Send","rev_sh","sum"
"0,56","0,00","0,00","0,95"
"Sensor 3"
"rev_i","rev_to_Send","rev_sh","sum"
"0,00","0,00","0,34","1,07"
"Sensor 4"
"rev_i","rev_to_Send","rev_sh","sum"
"0,90","0,00","0,00","1,80"
"Sensor 5"
"rev_i","rev_to_Send","rev_sh","sum"
"0,68","0,34","0,00","1,07"
"#Debug part 4"
"Sum","0,49"
"#Debug part 5"
"Sensor Number","State","Strategy Name","is strategy selected by eps","k"
"Sensor1","0","KC","True","0"
"Sensor2","1","ALLC","False","0"
"Sensor3","0","ALLC","True","1"
"Sensor4","1","ALLC","False","0"
"Sensor5","1","KD","True","1"
"#Debug part 6b"
"#Sensor id","1"
"#Sensor current Strategy","KC"
"#Sensor neighbours"
"#id","Strategy","probablility range"
"1","KC","(0,00|0,00)"
"2","ALLC","(0,00|1,00)"
"random x","0,31"
"#Sensor id","2"
"#Sensor current Strategy","ALLC"
"#Sensor neighbours"
"#id","Strategy","probablility range"
"2","ALLC","(0,00|0,25)"
"3","ALLC","(0,25|0,53)"
"1","KC","(0,53|0,53)"
"4","ALLC","(0,53|1,00)"
"random x","0,37"
"#Sensor id","3"
"#Sensor current Strategy","ALLC"
"#Sensor neighbours"
"#id","Strategy","probablility range"
"3","ALLC","(0,00|0,35)"
"2","ALLC","(0,35|0,65)"
"5","KD","(0,65|1,00)"
"random x","0,21"
"#Sensor id","4"
"#Sensor current Strategy","ALLC"
"#Sensor neighbours"
"#id","Strategy","probablility range"
"4","ALLC","(0,00|0,66)"
"2","ALLC","(0,66|1,00)"
"random x","0,50"
"#Sensor id","5"
"#Sensor current Strategy","KD"
"#Sensor neighbours"
"#id","Strategy","probablility range"
"5","KD","(0,00|0,50)"
"3","ALLC","(0,50|1,00)"
"random x","0,94"
"#Debug part 7"
"Sensor 1"
"State","current_strategy","is strategy selected by eps","RTS tag","mi^RTS","K"
"0","ALLC","True","0","1","0"
"Sensor 2"
"State","current_strategy","is strategy selected by eps","RTS tag","mi^RTS","K"
"1","ALLC","False","1","1","1"
"Sensor 3"
"State","current_strategy","is strategy selected by eps","RTS tag","mi^RTS","K"
"0","ALLC","True","1","2","1"
"Sensor 4"
"State","current_strategy","is strategy selected by eps","RTS tag","mi^RTS","K"
"1","ALLC","False","0","1","0"
"Sensor 5"
"State","current_strategy","is strategy selected by eps","RTS tag","mi^RTS","K"
"1","ALLC","True","1","1","1"
"Procent of strategy changed","0,60"
"###iteration","7"
"#Debug part 2"
"##Sensors states"
"id","state"
"1","1"
"2","1"
"3","1"
"4","1"
"5","1"
"Sensor 1"
"curr_strat","is strategy selected by eps","RTS","m_i^RTS","k"
"ALLC","True","0","1","0"
"Strategia","Nagroda"
"KD","0,73"
"KD","0,73"
"AllD","0,00"
"AllD","0,00"
"Sensor 2"
"curr_strat","is strategy selected by eps","RTS","m_i^RTS","k"
"ALLC","False","1","1","1"
"Strategia","Nagroda"
"ALLC","0,57"
"ALLC","0,57"
"KD","0,39"
"ALLC","0,56"
"Sensor 3"
"curr_strat","is strategy selected by eps","RTS","m_i^RTS","k"
"ALLC","True","1","2","1"
"Strategia","Nagroda"
"KD","0,73"
"KD","0,73"
"KD","0,73"
"KC","0,34"
"Sensor 4"
"curr_strat","is strategy selected by eps","RTS","m_i^RTS","k"
"ALLC","False","0","1","0"
"Strategia","Nagroda"
"ALLC","0,90"
"ALLC","0,90"
"KD","0,90"
"KD","0,90"
"Sensor 5"
"curr_strat","is strategy selected by eps","RTS","m_i^RTS","k"
"ALLC","True","1","1","1"
"Strategia","Nagroda"
"KD","0,73"
"ALLC","0,73"
"KD","0,73"
"ALLC","0,34"
"#Debug part 3"
"Sensor 1"
"rev_i","rev_to_Send","rev_sh","sum"
"0,73","0,00","0,00","0,73"
"Sensor 2"
"rev_i","rev_to_Send","rev_sh","sum"
"0,57","0,29","0,24","0,52"
"Sensor 3"
"rev_i","rev_to_Send","rev_sh","sum"
"0,71","0,24","0,66","0,90"
"Sensor 4"
"rev_i","rev_to_Send","rev_sh","sum"
"0,90","0,00","0,00","0,90"
"Sensor 5"
"rev_i","rev_to_Send","rev_sh","sum"
"0,75","0,38","0,24","0,61"
"#Debug part 4"
"Sum","0,73"
"#Debug part 5"
"Sensor Number","State","Strategy Name","is strategy selected by eps","k"
"Sensor1","1","ALLC","False","0"
"Sensor2","1","ALLC","False","1"
"Sensor3","1","ALLC","False","1"
"Sensor4","1","KD","False","0"
"Sensor5","1","ALLC","True","1"
"###iteration","8"
"#Debug part 2"
"##Sensors states"
"id","state"
"1","1"
"2","1"
"3","1"
"4","1"
"5","1"
"Sensor 1"
"curr_strat","is strategy selected by eps","RTS","m_i^RTS","k"
"ALLC","False","0","1","0"
"Strategia","Nagroda"
"KD","0,73"
"AllD","0,00"
"AllD","0,00"
"ALLC","0,73"
"Sensor 2"
"curr_strat","is strategy selected by eps","RTS","m_i^RTS","k"
"ALLC","False","1","1","1"
"Strategia","Nagroda"
"ALLC","0,57"
"KD","0,39"
"ALLC","0,56"
"ALLC","0,52"
"Sensor 3"
"curr_strat","is strategy selected by eps","RTS","m_i^RTS","k"
"ALLC","False","1","2","1"
"Strategia","Nagroda"
"KD","0,73"
"KD","0,73"
"KC","0,34"
"ALLC","0,90"
"Sensor 4"
"curr_strat","is strategy selected by eps","RTS","m_i^RTS","k"
"KD","False","0","1","0"
"Strategia","Nagroda"
"ALLC","0,90"
"KD","0,90"
"KD","0,90"
"ALLC","0,90"
"Sensor 5"
"curr_strat","is strategy selected by eps","RTS","m_i^RTS","k"
"ALLC","True","1","1","1"
"Strategia","Nagroda"
"ALLC","0,73"
"KD","0,73"
"ALLC","0,34"
"ALLC","0,61"
"#Debug part 3"
"Sensor 1"
"rev_i","rev_to_Send","rev_sh","sum"
"0,73","0,00","0,00","1,45"
"Sensor 2"
"rev_i","rev_to_Send","rev_sh","sum"
"0,57","0,29","0,24","1,05"
"Sensor 3"
"rev_i","rev_to_Send","rev_sh","sum"
"0,71","0,24","0,66","1,80"
"Sensor 4"
"rev_i","rev_to_Send","rev_sh","sum"
"0,90","0,00","0,00","1,80"
"Sensor 5"
"rev_i","rev_to_Send","rev_sh","sum"
"0,75","0,38","0,24","1,23"
"#Debug part 4"
"Sum","0,73"
"#Debug part 5"
"Sensor Number","State","Strategy Name","is strategy selected by eps","k"
"Sensor1","1","ALLC","False","0"
"Sensor2","1","ALLC","True","1"
"Sensor3","1","KC","True","0"
"Sensor4","1","KD","False","0"
"Sensor5","1","KDC","True","0"
"#Debug part 6b"
"#Sensor id","1"
"#Sensor current Strategy","ALLC"
"#Sensor neighbours"
"#id","Strategy","probablility range"
"1","ALLC","(0,00|0,58)"
"2","ALLC","(0,58|1,00)"
"random x","0,40"
"#Sensor id","2"
"#Sensor current Strategy","ALLC"
"#Sensor neighbours"
"#id","Strategy","probablility range"
"2","ALLC","(0,00|0,17)"
"3","KC","(0,17|0,47)"
"1","ALLC","(0,47|0,70)"
"4","KD","(0,70|1,00)"
"random x","0,75"
"#Sensor id","3"
"#Sensor current Strategy","KC"
"#Sensor neighbours"
"#id","Strategy","probablility range"
"3","KC","(0,00|0,44)"
"2","ALLC","(0,44|0,70)"
"5","KDC","(0,70|1,00)"
"random x","0,61"
"#Sensor id","4"
"#Sensor current Strategy","KD"
"#Sensor neighbours"
"#id","Strategy","probablility range"
"4","KD","(0,00|0,63)"
"2","ALLC","(0,63|1,00)"
"random x","0,18"
"#Sensor id","5"
"#Sensor current Strategy","KDC"
"#Sensor neighbours"
"#id","Strategy","probablility range"
"5","KDC","(0,00|0,41)"
"3","KC","(0,41|1,00)"
"random x","0,23"
"#Debug part 7"
"Sensor 1"
"State","current_strategy","is strategy selected by eps","RTS tag","mi^RTS","K"
"1","ALLC","False","0","0","0"
"Sensor 2"
"State","current_strategy","is strategy selected by eps","RTS tag","mi^RTS","K"
"1","KD","True","0","1","0"
"Sensor 3"
"State","current_strategy","is strategy selected by eps","RTS tag","mi^RTS","K"
"1","ALLC","True","1","1","1"
"Sensor 4"
"State","current_strategy","is strategy selected by eps","RTS tag","mi^RTS","K"
"1","KD","False","0","0","0"
"Sensor 5"
"State","current_strategy","is strategy selected by eps","RTS tag","mi^RTS","K"
"1","KDC","True","1","1","0"
"Procent of strategy changed","0,40"
"###iteration","9"
"#Debug part 2"
"##Sensors states"
"id","state"
"1","1"
"2","1"
"3","1"
"4","1"
"5","0"
"Sensor 1"
"curr_strat","is strategy selected by eps","RTS","m_i^RTS","k"
"ALLC","False","0","0","0"
"Strategia","Nagroda"
"AllD","0,00"
"AllD","0,00"
"ALLC","0,73"
"ALLC","0,73"
"Sensor 2"
"curr_strat","is strategy selected by eps","RTS","m_i^RTS","k"
"KD","True","0","1","0"
"Strategia","Nagroda"
"KD","0,39"
"ALLC","0,56"
"ALLC","0,52"
"ALLC","0,52"
"Sensor 3"
"curr_strat","is strategy selected by eps","RTS","m_i^RTS","k"
"ALLC","True","1","1","1"
"Strategia","Nagroda"
"KD","0,73"
"KC","0,34"
"ALLC","0,90"
"ALLC","0,90"
"Sensor 4"
"curr_strat","is strategy selected by eps","RTS","m_i^RTS","k"
"KD","False","0","0","0"
"Strategia","Nagroda"
"KD","0,90"
"KD","0,90"
"ALLC","0,90"
"KD","0,90"
"Sensor 5"
"curr_strat","is strategy selected by eps","RTS","m_i^RTS","k"
"KDC","True","1","1","0"
"Strategia","Nagroda"
"KD","0,73"
"ALLC","0,34"
"ALLC","0,61"
"ALLC","0,61"
"#Debug part 3"
"Sensor 1"
"rev_i","rev_to_Send","rev_sh","sum"
"0,73","0,00","0,00","0,73"
"Sensor 2"
"rev_i","rev_to_Send","rev_sh","sum"
"0,57","0,29","0,24","0,57"
"Sensor 3"
"rev_i","rev_to_Send","rev_sh","sum"
"0,46","0,23","0,00","0,23"
"Sensor 4"
"rev_i","rev_to_Send","rev_sh","sum"
"0,90","0,00","0,00","0,90"
"Sensor 5"
"rev_i","rev_to_Send","rev_sh","sum"
"0,00","0,00","0,23","0,23"
"#Debug part 4"
"Sum","0,53"
"#Debug part 5"
"Sensor Number","State","Strategy Name","is strategy selected by eps","k"
"Sensor1","1","KD","True","1"
"Sensor2","1","KD","False","0"
"Sensor3","1","ALLC","False","1"
"Sensor4","1","KD","False","0"
"Sensor5","0","ALLC","False","0"
"###iteration","10"
"#Debug part 2"
"##Sensors states"
"id","state"
"1","1"
"2","1"
"3","1"
"4","1"
"5","1"
"Sensor 1"
"curr_strat","is strategy selected by eps","RTS","m_i^RTS","k"
"KD","True","0","0","1"
"Strategia","Nagroda"
"AllD","0,00"
"ALLC","0,73"
"ALLC","0,73"
"ALLC","0,73"
"Sensor 2"
"curr_strat","is strategy selected by eps","RTS","m_i^RTS","k"
"KD","False","0","1","0"
"Strategia","Nagroda"
"ALLC","0,56"
"ALLC","0,52"
"ALLC","0,52"
"KD","0,57"
"Sensor 3"
"curr_strat","is strategy selected by eps","RTS","m_i^RTS","k"
"ALLC","False","1","1","1"
"Strategia","Nagroda"
"KC","0,34"
"ALLC","0,90"
"ALLC","0,90"
"ALLC","0,23"
"Sensor 4"
"curr_strat","is strategy selected by eps","RTS","m_i^RTS","k"
"KD","False","0","0","0"
"Strategia","Nagroda"
"KD","0,90"
"ALLC","0,90"
"KD","0,90"
"KD","0,90"
"Sensor 5"
"curr_strat","is strategy selected by eps","RTS","m_i^RTS","k"
"ALLC","False","1","1","0"
"Strategia","Nagroda"
"ALLC","0,34"
"ALLC","0,61"
"ALLC","0,61"
"KDC","0,23"
"#Debug part 3"
"Sensor 1"
"rev_i","rev_to_Send","rev_sh","sum"
"0,73","0,00","0,00","1,45"
"Sensor 2"
"rev_i","rev_to_Send","rev_sh","sum"
"0,57","0,29","0,24","1,14"
"Sensor 3"
"rev_i","rev_to_Send","rev_sh","sum"
"0,71","0,36","0,38","0,96"
"Sensor 4"
"rev_i","rev_to_Send","rev_sh","sum"
"0,90","0,00","0,00","1,80"
"Sensor 5"
"rev_i","rev_to_Send","rev_sh","sum"
"0,75","0,38","0,36","0,96"
"#Debug part 4"
"Sum","0,63"
"#Debug part 5"
"Sensor Number","State","Strategy Name","is strategy selected by eps","k"
"Sensor1","1","ALLC","False","1"
"Sensor2","1","KD","False","0"
"Sensor3","1","KD","True","0"
"Sensor4","1","ALLC","False","0"
"Sensor5","1","ALLC","False","0"
"#Debug part 6b"
"#Sensor id","1"
"#Sensor current Strategy","ALLC"
"#Sensor neighbours"
"#id","Strategy","probablility range"
"1","ALLC","(0,00|0,56)"
"2","KD","(0,56|1,00)"
"random x","0,05"
"#Sensor id","2"
"#Sensor current Strategy","KD"
"#Sensor neighbours"
"#id","Strategy","probablility range"
"2","KD","(0,00|0,21)"
"3","KD","(0,21|0,39)"
"1","ALLC","(0,39|0,66)"
"4","ALLC","(0,66|1,00)"
"random x","0,75"
"#Sensor id","3"
"#Sensor current Strategy","KD"
"#Sensor neighbours"
"#id","Strategy","probablility range"
"3","KD","(0,00|0,31)"
"2","KD","(0,31|0,69)"
"5","ALLC","(0,69|1,00)"
"random x","0,72"
"#Sensor id","4"
"#Sensor current Strategy","ALLC"
"#Sensor neighbours"
"#id","Strategy","probablility range"
"4","ALLC","(0,00|0,61)"
"2","KD","(0,61|1,00)"
"random x","0,26"
"#Sensor id","5"
"#Sensor current Strategy","ALLC"
"#Sensor neighbours"
"#id","Strategy","probablility range"
"5","ALLC","(0,00|0,50)"
"3","KD","(0,50|1,00)"
"random x","0,37"
"#Debug part 7"
"Sensor 1"
"State","current_strategy","is strategy selected by eps","RTS tag","mi^RTS","K"
"1","ALLC","False","0","0","1"
"Sensor 2"
"State","current_strategy","is strategy selected by eps","RTS tag","mi^RTS","K"
"1","ALLC","False","0","1","0"
"Sensor 3"
"State","current_strategy","is strategy selected by eps","RTS tag","mi^RTS","K"
"1","ALLC","True","1","1","0"
"Sensor 4"
"State","current_strategy","is strategy selected by eps","RTS tag","mi^RTS","K"
"1","ALLC","False","0","0","0"
"Sensor 5"
"State","current_strategy","is strategy selected by eps","RTS tag","mi^RTS","K"
"1","ALLC","False","1","1","0"
"Procent of strategy changed","0,40"
"###iteration","11"
"#Debug part 2"
"##Sensors states"
"id","state"
"1","1"
"2","1"
"3","1"
"4","1"
"5","1"
"Sensor 1"
"curr_strat","is strategy selected by eps","RTS","m_i^RTS","k"
"ALLC","False","0","0","1"
"Strategia","Nagroda"
"ALLC","0,73"
"ALLC","0,73"
"ALLC","0,73"
"KD","0,73"
"Sensor 2"
"curr_strat","is strategy selected by eps","RTS","m_i^RTS","k"
"ALLC","False","0","1","0"
"Strategia","Nagroda"
"ALLC","0,52"
"ALLC","0,52"
"KD","0,57"
"KD","0,57"
"Sensor 3"
"curr_strat","is strategy selected by eps","RTS","m_i^RTS","k"
"ALLC","True","1","1","0"
"Strategia","Nagroda"
"ALLC","0,90"
"ALLC","0,90"
"ALLC","0,23"
"ALLC","0,73"
"Sensor 4"
"curr_strat","is strategy selected by eps","RTS","m_i^RTS","k"
"ALLC","False","0","0","0"
"Strategia","Nagroda"
"ALLC","0,90"
"KD","0,90"
"KD","0,90"
"KD","0,90"
"Sensor 5"
"curr_strat","is strategy selected by eps","RTS","m_i^RTS","k"
"ALLC","False","1","1","0"
"Strategia","Nagroda"
"ALLC","0,61"
"ALLC","0,61"
"KDC","0,23"
"ALLC","0,73"
"#Debug part 3"
"Sensor 1"
"rev_i","rev_to_Send","rev_sh","sum"
"0,73","0,00","0,00","0,73"
"Sensor 2"
"rev_i","rev_to_Send","rev_sh","sum"
"0,57","0,29","0,24","0,57"
"Sensor 3"
"rev_i","rev_to_Send","rev_sh","sum"
"0,71","0,36","0,38","0,73"
"Sensor 4"
"rev_i","rev_to_Send","rev_sh","sum"
"0,90","0,00","0,00","0,90"
"Sensor 5"
"rev_i","rev_to_Send","rev_sh","sum"
"0,75","0,38","0,36","0,73"
"#Debug part 4"
"Sum","0,73"
"#Debug part 5"
"Sensor Number","State","Strategy Name","is strategy selected by eps","k"
"Sensor1","1","KDC","True","2"
"Sensor2","1","KD","False","0"
"Sensor3","1","ALLC","False","0"
"Sensor4","1","KD","False","0"
"Sensor5","1","ALLC","False","0"
"###iteration","12"
"#Debug part 2"
"##Sensors states"
"id","state"
"1","0"
"2","1"
"3","1"
"4","1"
"5","1"
"Sensor 1"
"curr_strat","is strategy selected by eps","RTS","m_i^RTS","k"
"KDC","True","0","0","2"
"Strategia","Nagroda"
"ALLC","0,73"
"ALLC","0,73"
"KD","0,73"
"ALLC","0,73"
"Sensor 2"
"curr_strat","is strategy selected by eps","RTS","m_i^RTS","k"
"KD","False","0","1","0"
"Strategia","Nagroda"
"ALLC","0,52"
"KD","0,57"
"KD","0,57"
"ALLC","0,57"
"Sensor 3"
"curr_strat","is strategy selected by eps","RTS","m_i^RTS","k"
"ALLC","False","1","1","0"
"Strategia","Nagroda"
"ALLC","0,90"
"ALLC","0,23"
"ALLC","0,73"
"ALLC","0,73"
"Sensor 4"
"curr_strat","is strategy selected by eps","RTS","m_i^RTS","k"
"KD","False","0","0","0"
"Strategia","Nagroda"
"KD","0,90"
"KD","0,90"
"KD","0,90"
"ALLC","0,90"
"Sensor 5"
"curr_strat","is strategy selected by eps","RTS","m_i^RTS","k"
"ALLC","False","1","1","0"
"Strategia","Nagroda"
"ALLC","0,61"
"KDC","0,23"
"ALLC","0,73"
"ALLC","0,73"
"#Debug part 3"
"Sensor 1"
"rev_i","rev_to_Send","rev_sh","sum"
"0,00","0,00","0,00","0,73"
"Sensor 2"
"rev_i","rev_to_Send","rev_sh","sum"
"0,39","0,29","0,24","0,96"
"Sensor 3"
"rev_i","rev_to_Send","rev_sh","sum"
"0,71","0,36","0,38","1,46"
"Sensor 4"
"rev_i","rev_to_Send","rev_sh","sum"
"0,90","0,00","0,00","1,80"
"Sensor 5"
"rev_i","rev_to_Send","rev_sh","sum"
"0,75","0,38","0,36","1,46"
"#Debug part 4"
"Sum","0,64"
"#Debug part 5"
"Sensor Number","State","Strategy Name","is strategy selected by eps","k"
"Sensor1","0","ALLC","False","2"
"Sensor2","1","KD","True","2"
"Sensor3","1","KDC","True","2"
"Sensor4","1","KD","False","0"
"Sensor5","1","ALLC","False","0"
"#Debug part 6b"
"#Sensor id","1"
"#Sensor current Strategy","ALLC"
"#Sensor neighbours"
"#id","Strategy","probablility range"
"1","ALLC","(0,00|0,43)"
"2","KD","(0,43|1,00)"
"random x","0,06"
"#Sensor id","2"
"#Sensor current Strategy","KD"
"#Sensor neighbours"
"#id","Strategy","probablility range"
"2","KD","(0,00|0,19)"
"3","KDC","(0,19|0,49)"
"1","ALLC","(0,49|0,64)"
"4","KD","(0,64|1,00)"
"random x","0,32"
"#Sensor id","3"
"#Sensor current Strategy","KDC"
"#Sensor neighbours"
"#id","Strategy","probablility range"
"3","KDC","(0,00|0,38)"
"2","KD","(0,38|0,62)"
"5","ALLC","(0,62|1,00)"
"random x","0,14"
"#Sensor id","4"
"#Sensor current Strategy","KD"
"#Sensor neighbours"
"#id","Strategy","probablility range"
"4","KD","(0,00|0,65)"
"2","KD","(0,65|1,00)"
"random x","0,23"
"#Sensor id","5"
"#Sensor current Strategy","ALLC"
"#Sensor neighbours"
"#id","Strategy","probablility range"
"5","ALLC","(0,00|0,50)"
"3","KDC","(0,50|1,00)"
"random x","0,76"
"#Debug part 7"
"Sensor 1"
"State","current_strategy","is strategy selected by eps","RTS tag","mi^RTS","K"
"0","ALLC","False","0","1","2"
"Sensor 2"
"State","current_strategy","is strategy selected by eps","RTS tag","mi^RTS","K"
"1","KDC","True","1","1","2"
"Sensor 3"
"State","current_strategy","is strategy selected by eps","RTS tag","mi^RTS","K"
"1","KDC","True","1","2","2"
"Sensor 4"
"State","current_strategy","is strategy selected by eps","RTS tag","mi^RTS","K"
"1","KD","False","0","1","0"
"Sensor 5"
"State","current_strategy","is strategy selected by eps","RTS tag","mi^RTS","K"
"1","KDC","False","1","1","2"
"Procent of strategy changed","0,40"
"###iteration","13"
"#Debug part 2"
"##Sensors states"
"id","state"
"1","1"
"2","0"
"3","0"
"4","1"
"5","0"
"Sensor 1"
"curr_strat","is strategy selected by eps","RTS","m_i^RTS","k"
"ALLC","False","0","1","2"
"Strategia","Nagroda"
"ALLC","0,73"
"KD","0,73"
"ALLC","0,73"
"KDC","0,00"
"Sensor 2"
"curr_strat","is strategy selected by eps","RTS","m_i^RTS","k"
"KDC","True","1","1","2"
"Strategia","Nagroda"
"KD","0,57"
"KD","0,57"
"ALLC","0,57"
"KD","0,39"
"Sensor 3"
"curr_strat","is strategy selected by eps","RTS","m_i^RTS","k"
"KDC","True","1","2","2"
"Strategia","Nagroda"
"ALLC","0,23"
"ALLC","0,73"
"ALLC","0,73"
"ALLC","0,73"
"Sensor 4"
"curr_strat","is strategy selected by eps","RTS","m_i^RTS","k"
"KD","False","0","1","0"
"Strategia","Nagroda"
"KD","0,90"
"KD","0,90"
"ALLC","0,90"
"KD","0,90"
"Sensor 5"
"curr_strat","is strategy selected by eps","RTS","m_i^RTS","k"
"KDC","False","1","1","2"
"Strategia","Nagroda"
"KDC","0,23"
"ALLC","0,73"
"ALLC","0,73"
"ALLC","0,73"
"#Debug part 3"
"Sensor 1"
"rev_i","rev_to_Send","rev_sh","sum"
"0,76","0,00","0,00","0,76"
"Sensor 2"
"rev_i","rev_to_Send","rev_sh","sum"
"0,00","0,00","0,00","0,00"
"Sensor 3"
"rev_i","rev_to_Send","rev_sh","sum"
"0,00","0,00","0,00","0,00"
"Sensor 4"
"rev_i","rev_to_Send","rev_sh","sum"
"0,76","0,00","0,00","0,76"
"Sensor 5"
"rev_i","rev_to_Send","rev_sh","sum"
"0,00","0,00","0,00","0,00"
"#Debug part 4"
"Sum","0,30"
"#Debug part 5"
"Sensor Number","State","Strategy Name","is strategy selected by eps","k"
"Sensor1","1","ALLC","False","2"
"Sensor2","0","ALLC","False","2"
"Sensor3","0","ALLC","False","2"
"Sensor4","1","KD","False","0"
"Sensor5","0","ALLC","False","2"
"###iteration","14"
"#Debug part 2"
"##Sensors states"
"id","state"
"1","1"
"2","1"
"3","1"
"4","0"
"5","1"
"Sensor 1"
"curr_strat","is strategy selected by eps","RTS","m_i^RTS","k"
"ALLC","False","0","1","2"
"Strategia","Nagroda"
"KD","0,73"
"ALLC","0,73"
"KDC","0,00"
"ALLC","0,76"
"Sensor 2"
"curr_strat","is strategy selected by eps","RTS","m_i^RTS","k"
"ALLC","False","1","1","2"
"Strategia","Nagroda"
"KD","0,57"
"ALLC","0,57"
"KD","0,39"
"KDC","0,00"
"Sensor 3"
"curr_strat","is strategy selected by eps","RTS","m_i^RTS","k"
"ALLC","False","1","2","2"
"Strategia","Nagroda"
"ALLC","0,73"
"ALLC","0,73"
"ALLC","0,73"
"KDC","0,00"
"Sensor 4"
"curr_strat","is strategy selected by eps","RTS","m_i^RTS","k"
"KD","False","0","1","0"
"Strategia","Nagroda"
"KD","0,90"
"ALLC","0,90"
"KD","0,90"
"KD","0,76"
"Sensor 5"
"curr_strat","is strategy selected by eps","RTS","m_i^RTS","k"
"ALLC","False","1","1","2"
"Strategia","Nagroda"
"ALLC","0,73"
"ALLC","0,73"
"ALLC","0,73"
"KDC","0,00"
"#Debug part 3"
"Sensor 1"
"rev_i","rev_to_Send","rev_sh","sum"
"0,73","0,00","0,00","1,49"
"Sensor 2"
"rev_i","rev_to_Send","rev_sh","sum"
"0,06","0,03","0,24","0,27"
"Sensor 3"
"rev_i","rev_to_Send","rev_sh","sum"
"0,71","0,24","0,41","0,65"
"Sensor 4"
"rev_i","rev_to_Send","rev_sh","sum"
"0,00","0,00","0,00","0,76"
"Sensor 5"
"rev_i","rev_to_Send","rev_sh","sum"
"0,75","0,38","0,24","0,61"
"#Debug part 4"
"Sum","0,38"
"#Debug part 5"
"Sensor Number","State","Strategy Name","is strategy selected by eps","k"
"Sensor1","1","ALLC","False","2"
"Sensor2","1","ALLC","False","2"
"Sensor3","1","ALLC","False","2"
"Sensor4","0","ALLC","False","0"
"Sensor5","1","KD","True","2"
"#Debug part 6b"
"#Sensor id","1"
"#Sensor current Strategy","ALLC"
"#Sensor neighbours"
"#id","Strategy","probablility range"
"1","ALLC","(0,00|0,85)"
"2","ALLC","(0,85|1,00)"
"random x","0,80"
"#Sensor id","2"
"#Sensor current Strategy","ALLC"
"#Sensor neighbours"
"#id","Strategy","probablility range"
"2","ALLC","(0,00|0,09)"
"3","ALLC","(0,09|0,29)"
"1","ALLC","(0,29|0,76)"
"4","ALLC","(0,76|1,00)"
"random x","0,48"
"#Sensor id","3"
"#Sensor current Strategy","ALLC"
"#Sensor neighbours"
"#id","Strategy","probablility range"
"3","ALLC","(0,00|0,42)"
"2","ALLC","(0,42|0,60)"
"5","KD","(0,60|1,00)"
"random x","0,15"
"#Sensor id","4"
"#Sensor current Strategy","ALLC"
"#Sensor neighbours"
"#id","Strategy","probablility range"
"4","ALLC","(0,00|0,74)"
"2","ALLC","(0,74|1,00)"
"random x","0,53"
"#Sensor id","5"
"#Sensor current Strategy","KD"
"#Sensor neighbours"
"#id","Strategy","probablility range"
"5","KD","(0,00|0,49)"
"3","ALLC","(0,49|1,00)"
"random x","0,64"
"#Debug part 7"
"Sensor 1"
"State","current_strategy","is strategy selected by eps","RTS tag","mi^RTS","K"
"1","ALLC","False","0","0","2"
"Sensor 2"
"State","current_strategy","is strategy selected by eps","RTS tag","mi^RTS","K"
"1","ALLC","False","0","1","2"
"Sensor 3"
"State","current_strategy","is strategy selected by eps","RTS tag","mi^RTS","K"
"1","ALLC","False","1","1","2"
"Sensor 4"
"State","current_strategy","is strategy selected by eps","RTS tag","mi^RTS","K"
"0","ALLC","False","0","0","0"
"Sensor 5"
"State","current_strategy","is strategy selected by eps","RTS tag","mi^RTS","K"
"1","ALLC","True","1","1","2"
"Procent of strategy changed","0,40"
"###iteration","15"
"#Debug part 2"
"##Sensors states"
"id","state"
"1","1"
"2","1"
"3","1"
"4","1"
"5","1"
"Sensor 1"
"curr_strat","is strategy selected by eps","RTS","m_i^RTS","k"
"ALLC","False","0","0","2"
"Strategia","Nagroda"
"ALLC","0,73"
"KDC","0,00"
"ALLC","0,76"
"ALLC","0,73"
"Sensor 2"
"curr_strat","is strategy selected by eps","RTS","m_i^RTS","k"
"ALLC","False","0","1","2"
"Strategia","Nagroda"
"ALLC","0,57"
"KD","0,39"
"KDC","0,00"
"ALLC","0,27"
"Sensor 3"
"curr_strat","is strategy selected by eps","RTS","m_i^RTS","k"
"ALLC","False","1","1","2"
"Strategia","Nagroda"
"ALLC","0,73"
"ALLC","0,73"
"KDC","0,00"
"ALLC","0,65"
"Sensor 4"
"curr_strat","is strategy selected by eps","RTS","m_i^RTS","k"
"ALLC","False","0","0","0"
"Strategia","Nagroda"
"ALLC","0,90"
"KD","0,90"
"KD","0,76"
"KD","0,00"
"Sensor 5"
"curr_strat","is strategy selected by eps","RTS","m_i^RTS","k"
"ALLC","True","1","1","2"
"Strategia","Nagroda"
"ALLC","0,73"
"ALLC","0,73"
"KDC","0,00"
"ALLC","0,61"
"#Debug part 3"
"Sensor 1"
"rev_i","rev_to_Send","rev_sh","sum"
"0,73","0,00","0,00","0,73"
"Sensor 2"
"rev_i","rev_to_Send","rev_sh","sum"
"0,57","0,03","0,24","0,57"
"Sensor 3"
"rev_i","rev_to_Send","rev_sh","sum"
"0,71","0,36","0,38","0,73"
"Sensor 4"
"rev_i","rev_to_Send","rev_sh","sum"
"0,90","0,00","0,00","0,90"
"Sensor 5"
"rev_i","rev_to_Send","rev_sh","sum"
"0,75","0,38","0,36","0,73"
"#Debug part 4"
"Sum","0,73"
"#Debug part 5"
"Sensor Number","State","Strategy Name","is strategy selected by eps","k"
"Sensor1","1","KDC","True","0"
"Sensor2","1","ALLC","False","2"
"Sensor3","1","ALLC","True","2"
"Sensor4","1","KD","False","0"
"Sensor5","1","AllD","True","2"
"###iteration","16"
"#Debug part 2"
"##Sensors states"
"id","state"
"1","0"
"2","1"
"3","1"
"4","1"
"5","0"
"Sensor 1"
"curr_strat","is strategy selected by eps","RTS","m_i^RTS","k"
"KDC","True","0","0","0"
"Strategia","Nagroda"
"KDC","0,00"
"ALLC","0,76"
"ALLC","0,73"
"ALLC","0,73"
"Sensor 2"
"curr_strat","is strategy selected by eps","RTS","m_i^RTS","k"
"ALLC","False","0","1","2"
"Strategia","Nagroda"
"KD","0,39"
"KDC","0,00"
"ALLC","0,27"
"ALLC","0,57"
"Sensor 3"
"curr_strat","is strategy selected by eps","RTS","m_i^RTS","k"
"ALLC","True","1","1","2"
"Strategia","Nagroda"
"ALLC","0,73"
"KDC","0,00"
"ALLC","0,65"
"ALLC","0,73"
"Sensor 4"
"curr_strat","is strategy selected by eps","RTS","m_i^RTS","k"
"KD","False","0","0","0"
"Strategia","Nagroda"
"KD","0,90"
"KD","0,76"
"KD","0,00"
"ALLC","0,90"
"Sensor 5"
"curr_strat","is strategy selected by eps","RTS","m_i^RTS","k"
"AllD","True","1","1","2"
"Strategia","Nagroda"
"ALLC","0,73"
"KDC","0,00"
"ALLC","0,61"
"ALLC","0,73"
"#Debug part 3"
"Sensor 1"
"rev_i","rev_to_Send","rev_sh","sum"
"0,00","0,00","0,00","0,73"
"Sensor 2"
"rev_i","rev_to_Send","rev_sh","sum"
"0,39","0,03","0,24","0,96"
"Sensor 3"
"rev_i","rev_to_Send","rev_sh","sum"
"0,46","0,23","0,00","0,96"
"Sensor 4"
"rev_i","rev_to_Send","rev_sh","sum"
"0,90","0,00","0,00","1,80"
"Sensor 5"
"rev_i","rev_to_Send","rev_sh","sum"
"0,00","0,00","0,23","0,96"
"#Debug part 4"
"Sum","0,54"
"#Debug part 5"
"Sensor Number","State","Strategy Name","is strategy selected by eps","k"
"Sensor1","0","ALLC","False","0"
"Sensor2","1","KC","True","2"
"Sensor3","1","ALLC","False","2"
"Sensor4","1","KD","False","0"
"Sensor5","0","ALLC","False","2"
"#Debug part 6b"
"#Sensor id","1"
"#Sensor current Strategy","ALLC"
"#Sensor neighbours"
"#id","Strategy","probablility range"
"1","ALLC","(0,00|0,43)"
"2","KC","(0,43|1,00)"
"random x","0,01"
"#Sensor id","2"
"#Sensor current Strategy","KC"
"#Sensor neighbours"
"#id","Strategy","probablility range"
"2","KC","(0,00|0,22)"
"3","ALLC","(0,22|0,43)"
"1","ALLC","(0,43|0,60)"
"4","KD","(0,60|1,00)"
"random x","0,00"
"#Sensor id","3"
"#Sensor current Strategy","ALLC"
"#Sensor neighbours"
"#id","Strategy","probablility range"
"3","ALLC","(0,00|0,33)"
"2","KC","(0,33|0,67)"
"5","ALLC","(0,67|1,00)"
"random x","0,56"
"#Sensor id","4"
"#Sensor current Strategy","KD"
"#Sensor neighbours"
"#id","Strategy","probablility range"
"4","KD","(0,00|0,65)"
"2","KC","(0,65|1,00)"
"random x","0,04"
"#Sensor id","5"
"#Sensor current Strategy","ALLC"
"#Sensor neighbours"
"#id","Strategy","probablility range"
"5","ALLC","(0,00|0,50)"
"3","ALLC","(0,50|1,00)"
"random x","0,33"
"#Debug part 7"
"Sensor 1"
"State","current_strategy","is strategy selected by eps","RTS tag","mi^RTS","K"
"0","ALLC","False","0","0","0"
"Sensor 2"
"State","current_strategy","is strategy selected by eps","RTS tag","mi^RTS","K"
"1","KC","True","0","0","2"
"Sensor 3"
"State","current_strategy","is strategy selected by eps","RTS tag","mi^RTS","K"
"1","KC","False","0","1","2"
"Sensor 4"
"State","current_strategy","is strategy selected by eps","RTS tag","mi^RTS","K"
"1","KD","False","0","0","0"
"Sensor 5"
"State","current_strategy","is strategy selected by eps","RTS tag","mi^RTS","K"
"0","ALLC","False","1","0","2"
"Procent of strategy changed","0,20"
"###iteration","17"
"#Debug part 2"
"##Sensors states"
"id","state"
"1","1"
"2","1"
"3","1"
"4","1"
"5","1"
"Sensor 1"
"curr_strat","is strategy selected by eps","RTS","m_i^RTS","k"
"ALLC","False","0","0","0"
"Strategia","Nagroda"
"ALLC","0,76"
"ALLC","0,73"
"ALLC","0,73"
"KDC","0,00"
"Sensor 2"
"curr_strat","is strategy selected by eps","RTS","m_i^RTS","k"
"KC","True","0","0","2"
"Strategia","Nagroda"
"KDC","0,00"
"ALLC","0,27"
"ALLC","0,57"
"ALLC","0,39"
"Sensor 3"
"curr_strat","is strategy selected by eps","RTS","m_i^RTS","k"
"KC","False","0","1","2"
"Strategia","Nagroda"
"KDC","0,00"
"ALLC","0,65"
"ALLC","0,73"
"ALLC","0,23"
"Sensor 4"
"curr_strat","is strategy selected by eps","RTS","m_i^RTS","k"
"KD","False","0","0","0"
"Strategia","Nagroda"
"KD","0,76"
"KD","0,00"
"ALLC","0,90"
"KD","0,90"
"Sensor 5"
"curr_strat","is strategy selected by eps","RTS","m_i^RTS","k"
"ALLC","False","1","0","2"
"Strategia","Nagroda"
"KDC","0,00"
"ALLC","0,61"
"ALLC","0,73"
"AllD","0,23"
"#Debug part 3"
"Sensor 1"
"rev_i","rev_to_Send","rev_sh","sum"
"0,73","0,00","0,00","0,73"
"Sensor 2"
"rev_i","rev_to_Send","rev_sh","sum"
"0,57","0,03","0,24","0,57"
"Sensor 3"
"rev_i","rev_to_Send","rev_sh","sum"
"0,71","0,23","0,00","0,71"
"Sensor 4"
"rev_i","rev_to_Send","rev_sh","sum"
"0,90","0,00","0,00","0,90"
"Sensor 5"
"rev_i","rev_to_Send","rev_sh","sum"
"0,75","0,00","0,00","0,75"
"#Debug part 4"
"Sum","0,73"
"#Debug part 5"
"Sensor Number","State","Strategy Name","is strategy selected by eps","k"
"Sensor1","1","KDC","True","1"
"Sensor2","1","ALLC","False","2"
"Sensor3","1","ALLC","False","2"
"Sensor4","1","KD","True","1"
"Sensor5","1","ALLC","False","2"
"###iteration","18"
"#Debug part 2"
"##Sensors states"
"id","state"
"1","0"
"2","1"
"3","1"
"4","1"
"5","1"
"Sensor 1"
"curr_strat","is strategy selected by eps","RTS","m_i^RTS","k"
"KDC","True","0","0","1"
"Strategia","Nagroda"
"ALLC","0,73"
"ALLC","0,73"
"KDC","0,00"
"ALLC","0,73"
"Sensor 2"
"curr_strat","is strategy selected by eps","RTS","m_i^RTS","k"
"ALLC","False","0","0","2"
"Strategia","Nagroda"
"ALLC","0,27"
"ALLC","0,57"
"ALLC","0,39"
"KC","0,57"
"Sensor 3"
"curr_strat","is strategy selected by eps","RTS","m_i^RTS","k"
"ALLC","False","0","1","2"
"Strategia","Nagroda"
"ALLC","0,65"
"ALLC","0,73"
"ALLC","0,23"
"KC","0,71"
"Sensor 4"
"curr_strat","is strategy selected by eps","RTS","m_i^RTS","k"
"KD","True","0","0","1"
"Strategia","Nagroda"
"KD","0,00"
"ALLC","0,90"
"KD","0,90"
"KD","0,90"
"Sensor 5"
"curr_strat","is strategy selected by eps","RTS","m_i^RTS","k"
"ALLC","False","1","0","2"
"Strategia","Nagroda"
"ALLC","0,61"
"ALLC","0,73"
"AllD","0,23"
"ALLC","0,75"
"#Debug part 3"
"Sensor 1"
"rev_i","rev_to_Send","rev_sh","sum"
"0,00","0,00","0,00","0,73"
"Sensor 2"
"rev_i","rev_to_Send","rev_sh","sum"
"0,39","0,03","0,24","0,96"
"Sensor 3"
"rev_i","rev_to_Send","rev_sh","sum"
"0,71","0,23","0,00","1,43"
"Sensor 4"
"rev_i","rev_to_Send","rev_sh","sum"
"0,90","0,00","0,00","1,80"
"Sensor 5"
"rev_i","rev_to_Send","rev_sh","sum"
"0,75","0,00","0,00","1,50"
"#Debug part 4"
"Sum","0,64"
"#Debug part 5"
"Sensor Number","State","Strategy Name","is strategy selected by eps","k"
"Sensor1","0","ALLC","False","1"
"Sensor2","1","AllD","True","2"
"Sensor3","1","AllD","True","2"
"Sensor4","1","KDC","True","2"
"Sensor5","1","ALLC","False","2"
"#Debug part 6b"
"#Sensor id","1"
"#Sensor current Strategy","ALLC"
"#Sensor neighbours"
"#id","Strategy","probablility range"
"1","ALLC","(0,00|0,43)"
"2","AllD","(0,43|1,00)"
"random x","0,91"
"#Sensor id","2"
"#Sensor current Strategy","AllD"
"#Sensor neighbours"
"#id","Strategy","probablility range"
"2","AllD","(0,00|0,20)"
"3","AllD","(0,20|0,49)"
"1","ALLC","(0,49|0,63)"
"4","KDC","(0,63|1,00)"
"random x","0,84"
"#Sensor id","3"
"#Sensor current Strategy","AllD"
"#Sensor neighbours"
"#id","Strategy","probablility range"
"3","AllD","(0,00|0,37)"
"2","AllD","(0,37|0,61)"
"5","ALLC","(0,61|1,00)"
"random x","0,59"
"#Sensor id","4"
"#Sensor current Strategy","KDC"
"#Sensor neighbours"
"#id","Strategy","probablility range"
"4","KDC","(0,00|0,65)"
"2","AllD","(0,65|1,00)"
"random x","0,76"
"#Sensor id","5"
"#Sensor current Strategy","ALLC"
"#Sensor neighbours"
"#id","Strategy","probablility range"
"5","ALLC","(0,00|0,51)"
"3","AllD","(0,51|1,00)"
"random x","0,97"
"#Debug part 7"
"Sensor 1"
"State","current_strategy","is strategy selected by eps","RTS tag","mi^RTS","K"
"0","AllD","False","0","0","2"
"Sensor 2"
"State","current_strategy","is strategy selected by eps","RTS tag","mi^RTS","K"
"1","KDC","True","0","0","2"
"Sensor 3"
"State","current_strategy","is strategy selected by eps","RTS tag","mi^RTS","K"
"1","AllD","True","0","0","2"
"Sensor 4"
"State","current_strategy","is strategy selected by eps","RTS tag","mi^RTS","K"
"1","AllD","True","0","0","2"
"Sensor 5"
"State","current_strategy","is strategy selected by eps","RTS tag","mi^RTS","K"
"1","AllD","False","0","0","2"
"Procent of strategy changed","1,00"
"###iteration","19"
"#Debug part 2"
"##Sensors states"
"id","state"
"1","0"
"2","0"
"3","0"
"4","0"
"5","0"
"Sensor 1"
"curr_strat","is strategy selected by eps","RTS","m_i^RTS","k"
"AllD","False","0","0","2"
"Strategia","Nagroda"
"ALLC","0,73"
"KDC","0,00"
"ALLC","0,73"
"KDC","0,00"
"Sensor 2"
"curr_strat","is strategy selected by eps","RTS","m_i^RTS","k"
"KDC","True","0","0","2"
"Strategia","Nagroda"
"ALLC","0,57"
"ALLC","0,39"
"KC","0,57"
"ALLC","0,39"
"Sensor 3"
"curr_strat","is strategy selected by eps","RTS","m_i^RTS","k"
"AllD","True","0","0","2"
"Strategia","Nagroda"
"ALLC","0,73"
"ALLC","0,23"
"KC","0,71"
"ALLC","0,71"
"Sensor 4"
"curr_strat","is strategy selected by eps","RTS","m_i^RTS","k"
"AllD","True","0","0","2"
"Strategia","Nagroda"
"ALLC","0,90"
"KD","0,90"
"KD","0,90"
"KD","0,90"
"Sensor 5"
"curr_strat","is strategy selected by eps","RTS","m_i^RTS","k"
"AllD","False","0","0","2"
"Strategia","Nagroda"
"ALLC","0,73"
"AllD","0,23"
"ALLC","0,75"
"ALLC","0,75"
"#Debug part 3"
"Sensor 1"
"rev_i","rev_to_Send","rev_sh","sum"
"0,00","0,00","0,00","0,00"
"Sensor 2"
"rev_i","rev_to_Send","rev_sh","sum"
"0,00","0,03","0,24","0,00"
"Sensor 3"
"rev_i","rev_to_Send","rev_sh","sum"
"0,00","0,23","0,00","0,00"
"Sensor 4"
"rev_i","rev_to_Send","rev_sh","sum"
"0,00","0,00","0,00","0,00"
"Sensor 5"
"rev_i","rev_to_Send","rev_sh","sum"
"0,00","0,00","0,00","0,00"
"#Debug part 4"
"Sum","0,00"
"#Debug part 5"
"Sensor Number","State","Strategy Name","is strategy selected by eps","k"
"Sensor1","0","ALLC","True","2"
"Sensor2","0","KC","False","2"
"Sensor3","0","ALLC","False","2"
"Sensor4","0","KD","False","2"
"Sensor5","0","ALLC","False","2"
"###iteration","20"
"#Debug part 2"
"##Sensors states"
"id","state"
"1","1"
"2","1"
"3","1"
"4","1"
"5","1"
"Sensor 1"
"curr_strat","is strategy selected by eps","RTS","m_i^RTS","k"
"ALLC","True","0","0","2"
"Strategia","Nagroda"
"KDC","0,00"
"ALLC","0,73"
"KDC","0,00"
"AllD","0,00"
"Sensor 2"
"curr_strat","is strategy selected by eps","RTS","m_i^RTS","k"
"KC","False","0","0","2"
"Strategia","Nagroda"
"ALLC","0,39"
"KC","0,57"
"ALLC","0,39"
"KDC","0,00"
"Sensor 3"
"curr_strat","is strategy selected by eps","RTS","m_i^RTS","k"
"ALLC","False","0","0","2"
"Strategia","Nagroda"
"ALLC","0,23"
"KC","0,71"
"ALLC","0,71"
"AllD","0,00"
"Sensor 4"
"curr_strat","is strategy selected by eps","RTS","m_i^RTS","k"
"KD","False","0","0","2"
"Strategia","Nagroda"
"KD","0,90"
"KD","0,90"
"KD","0,90"
"AllD","0,00"
"Sensor 5"
"curr_strat","is strategy selected by eps","RTS","m_i^RTS","k"
"ALLC","False","0","0","2"
"Strategia","Nagroda"
"AllD","0,23"
"ALLC","0,75"
"ALLC","0,75"
"AllD","0,00"
"#Debug part 3"
"Sensor 1"
"rev_i","rev_to_Send","rev_sh","sum"
"0,73","0,00","0,00","0,73"
"Sensor 2"
"rev_i","rev_to_Send","rev_sh","sum"
"0,57","0,03","0,24","0,57"
"Sensor 3"
"rev_i","rev_to_Send","rev_sh","sum"
"0,71","0,23","0,00","0,71"
"Sensor 4"
"rev_i","rev_to_Send","rev_sh","sum"
"0,90","0,00","0,00","0,90"
"Sensor 5"
"rev_i","rev_to_Send","rev_sh","sum"
"0,75","0,00","0,00","0,75"
"#Debug part 4"
"Sum","0,37"
"#Debug part 5"
"Sensor Number","State","Strategy Name","is strategy selected by eps","k"
"Sensor1","1","ALLC","False","2"
"Sensor2","1","KC","False","2"
"Sensor3","1","ALLC","False","2"
"Sensor4","1","KD","True","2"
"Sensor5","1","ALLC","True","2"
"#Debug part 6b"
"#Sensor id","1"
"#Sensor current Strategy","ALLC"
"#Sensor neighbours"
"#id","Strategy","probablility range"
"1","ALLC","(0,00|0,56)"
"2","KC","(0,56|1,00)"
"random x","0,22"
"#Sensor id","2"
"#Sensor current Strategy","KC"
"#Sensor neighbours"
"#id","Strategy","probablility range"
"2","KC","(0,00|0,20)"
"3","ALLC","(0,20|0,44)"
"1","ALLC","(0,44|0,69)"
"4","KD","(0,69|1,00)"
"random x","0,32"
"#Sensor id","3"
"#Sensor current Strategy","ALLC"
"#Sensor neighbours"
"#id","Strategy","probablility range"
"3","ALLC","(0,00|0,35)"
"2","KC","(0,35|0,63)"
"5","ALLC","(0,63|1,00)"
"random x","0,51"
"#Sensor id","4"
"#Sensor current Strategy","KD"
"#Sensor neighbours"
"#id","Strategy","probablility range"
"4","KD","(0,00|0,61)"
"2","KC","(0,61|1,00)"
"random x","0,95"
"#Sensor id","5"
"#Sensor current Strategy","ALLC"
"#Sensor neighbours"
"#id","Strategy","probablility range"
"5","ALLC","(0,00|0,51)"
"3","ALLC","(0,51|1,00)"
"random x","0,53"
"#Debug part 7"
"Sensor 1"
"State","current_strategy","is strategy selected by eps","RTS tag","mi^RTS","K"
"1","ALLC","False","0","0","2"
"Sensor 2"
"State","current_strategy","is strategy selected by eps","RTS tag","mi^RTS","K"
"1","ALLC","False","0","0","2"
"Sensor 3"
"State","current_strategy","is strategy selected by eps","RTS tag","mi^RTS","K"
"1","KC","False","0","0","2"
"Sensor 4"
"State","current_strategy","is strategy selected by eps","RTS tag","mi^RTS","K"
"1","KC","True","0","0","2"
"Sensor 5"
"State","current_strategy","is strategy selected by eps","RTS tag","mi^RTS","K"
"1","ALLC","True","0","0","2"
"Procent of strategy changed","0,80"
