"#Experiment settings"
"#Number of sensors","5"
"#Battery usage in 1 moment of time","1.0"
"#Battery cappacity","10"
"#Sensor range","35"
"#Q","0,80"
"#C","0.5"
"#Con","1.0"
"#Coff+","1.0"
"#C1","0.5"
"#C2","4.0"
"#C3","0.5"
"#C4","0.8"
"#delta2","0.2"
"#form file","WSN-5d-test1.txt"
"#Poi placement","36"
"#Max_num_of_iter","20"
"#Max_num_of_runs","100"
"#U","2"
"#all-c","0,20"
"#all-d","0,20"
"#K-c","0,20"
"#K-d","0,20"
"#K-dc","0,20"
"#max k","3"
"#p_init_ON","0.5"
"#H","4"
"#epsylon","0.3"
"#strategy change type","adopt to the Best"
"#strategy change range","RTS+ strategy"
"#Ready to share income","True"
"#Ready to share init","0.4"
"#Debug part1"
"##Sensors states"
"id","state"
"1","1"
"2","0"
"3","1"
"4","0"
"5","0"
"Sensor 1"
"curr_strat","is strategy selected by eps","RTS","m_i^RTS","k"
"KDC","True","0","1","2"
"Strategia","Nagroda"
"AllD","0,00"
"KDC","0,00"
"AllD","0,00"
"AllD","0,00"
"Neighbours list"
"id"
"2"
"Sensor 2"
"curr_strat","is strategy selected by eps","RTS","m_i^RTS","k"
"AllD","True","1","0","2"
"Strategia","Nagroda"
"ALLC","0,48"
"KD","0,56"
"KC","0,35"
"KC","0,56"
"Neighbours list"
"id"
"3"
"1"
"4"
"Sensor 3"
"curr_strat","is strategy selected by eps","RTS","m_i^RTS","k"
"AllD","True","0","2","1"
"Strategia","Nagroda"
"KC","0,00"
"AllD","0,00"
"KC","0,71"
"AllD","0,00"
"Neighbours list"
"id"
"2"
"5"
"Sensor 4"
"curr_strat","is strategy selected by eps","RTS","m_i^RTS","k"
"ALLC","True","0","1","1"
"Strategia","Nagroda"
"ALLC","0,90"
"ALLC","0,90"
"KDC","0,00"
"KD","0,90"
"Neighbours list"
"id"
"2"
"Sensor 5"
"curr_strat","is strategy selected by eps","RTS","m_i^RTS","k"
"AllD","True","1","0","2"
"Strategia","Nagroda"
"AllD","0,00"
"KD","0,68"
"ALLC","0,75"
"KD","0,68"
"Neighbours list"
"id"
"3"
"###iteration","1"
"#Debug part 2"
"##Sensors states"
"id","state"
"1","0"
"2","0"
"3","0"
"4","1"
"5","0"
"Sensor 1"
"curr_strat","is strategy selected by eps","RTS","m_i^RTS","k"
"KDC","True","0","1","2"
"Strategia","Nagroda"
"AllD","0,00"
"KDC","0,00"
"AllD","0,00"
"AllD","0,00"
"Sensor 2"
"curr_strat","is strategy selected by eps","RTS","m_i^RTS","k"
"AllD","True","1","0","2"
"Strategia","Nagroda"
"ALLC","0,48"
"KD","0,56"
"KC","0,35"
"KC","0,56"
"Sensor 3"
"curr_strat","is strategy selected by eps","RTS","m_i^RTS","k"
"AllD","True","0","2","1"
"Strategia","Nagroda"
"KC","0,00"
"AllD","0,00"
"KC","0,71"
"AllD","0,00"
"Sensor 4"
"curr_strat","is strategy selected by eps","RTS","m_i^RTS","k"
"ALLC","True","0","1","1"
"Strategia","Nagroda"
"ALLC","0,90"
"ALLC","0,90"
"KDC","0,00"
"KD","0,90"
"Sensor 5"
"curr_strat","is strategy selected by eps","RTS","m_i^RTS","k"
"AllD","True","1","0","2"
"Strategia","Nagroda"
"AllD","0,00"
"KD","0,68"
"ALLC","0,75"
"KD","0,68"
"#Debug part 3"
"Sensor 1"
"rev_i","rev_to_Send","rev_sh","sum"
"0,00","0,00","0,00","0,00"
"Sensor 2"
"rev_i","rev_to_Send","rev_sh","sum"
"0,00","0,00","0,00","0,00"
"Sensor 3"
"rev_i","rev_to_Send","rev_sh","sum"
"0,00","0,00","0,00","0,00"
"Sensor 4"
"rev_i","rev_to_Send","rev_sh","sum"
"0,46","0,00","0,00","0,46"
"Sensor 5"
"rev_i","rev_to_Send","rev_sh","sum"
"0,00","0,00","0,00","0,00"
"#Debug part 4"
"Sum","0,09"
"#Debug part 5"
"Sensor Number","State","Strategy Name","is strategy selected by eps","k"
"Sensor1","0","AllD","True","2"
"Sensor2","0","KD","False","2"
"Sensor3","0","KC","False","1"
"Sensor4","1","ALLC","False","1"
"Sensor5","0","ALLC","False","2"
"###iteration","2"
"#Debug part 2"
"##Sensors states"
"id","state"
"1","0"
"2","1"
"3","1"
"4","1"
"5","1"
"Sensor 1"
"curr_strat","is strategy selected by eps","RTS","m_i^RTS","k"
"AllD","True","0","1","2"
"Strategia","Nagroda"
"KDC","0,00"
"AllD","0,00"
"AllD","0,00"
"KDC","0,00"
"Sensor 2"
"curr_strat","is strategy selected by eps","RTS","m_i^RTS","k"
"KD","False","1","0","2"
"Strategia","Nagroda"
"KD","0,56"
"KC","0,35"
"KC","0,56"
"AllD","0,00"
"Sensor 3"
"curr_strat","is strategy selected by eps","RTS","m_i^RTS","k"
"KC","False","0","2","1"
"Strategia","Nagroda"
"AllD","0,00"
"KC","0,71"
"AllD","0,00"
"AllD","0,00"
"Sensor 4"
"curr_strat","is strategy selected by eps","RTS","m_i^RTS","k"
"ALLC","False","0","1","1"
"Strategia","Nagroda"
"ALLC","0,90"
"KDC","0,00"
"KD","0,90"
"ALLC","0,46"
"Sensor 5"
"curr_strat","is strategy selected by eps","RTS","m_i^RTS","k"
"ALLC","False","1","0","2"
"Strategia","Nagroda"
"KD","0,68"
"ALLC","0,75"
"KD","0,68"
"AllD","0,00"
"#Debug part 3"
"Sensor 1"
"rev_i","rev_to_Send","rev_sh","sum"
"0,00","0,00","0,00","0,00"
"Sensor 2"
"rev_i","rev_to_Send","rev_sh","sum"
"0,39","0,00","0,00","0,39"
"Sensor 3"
"rev_i","rev_to_Send","rev_sh","sum"
"0,71","0,00","0,00","0,71"
"Sensor 4"
"rev_i","rev_to_Send","rev_sh","sum"
"0,90","0,00","0,00","1,36"
"Sensor 5"
"rev_i","rev_to_Send","rev_sh","sum"
"0,75","0,00","0,00","0,75"
"#Debug part 4"
"Sum","0,32"
"#Debug part 5"
"Sensor Number","State","Strategy Name","is strategy selected by eps","k"
"Sensor1","0","AllD","False","2"
"Sensor2","1","KD","True","2"
"Sensor3","1","KC","False","1"
"Sensor4","1","ALLC","False","1"
"Sensor5","1","KD","True","2"
"#Debug part 6"
"Sensor 1"
"id","current_strategy","RTS tag","mi^RTS","K"
"2","KD","1","0","2"
"Sensor 2"
"id","current_strategy","RTS tag","mi^RTS","K"
"4","ALLC","0","1","1"
"Sensor 3"
"id","current_strategy","RTS tag","mi^RTS","K"
"5","KD","1","0","2"
"Sensor 4"
"id","current_strategy","RTS tag","mi^RTS","K"
"-","-","-","-","-"
"Sensor 5"
"id","current_strategy","RTS tag","mi^RTS","K"
"-","-","-","-","-"
"#Debug part 7"
"Sensor 1"
"State","current_strategy","is strategy selected by eps","RTS tag","mi^RTS","K"
"0","KD","False","1","0","2"
"Sensor 2"
"State","current_strategy","is strategy selected by eps","RTS tag","mi^RTS","K"
"1","ALLC","True","0","2","1"
"Sensor 3"
"State","current_strategy","is strategy selected by eps","RTS tag","mi^RTS","K"
"1","KD","False","1","1","2"
"Sensor 4"
"State","current_strategy","is strategy selected by eps","RTS tag","mi^RTS","K"
"1","ALLC","False","0","0","1"
"Sensor 5"
"State","current_strategy","is strategy selected by eps","RTS tag","mi^RTS","K"
"1","KD","True","1","1","2"
"Procent of strategy changed","0,60"
"###iteration","3"
"#Debug part 2"
"##Sensors states"
"id","state"
"1","1"
"2","1"
"3","1"
"4","1"
"5","1"
"Sensor 1"
"curr_strat","is strategy selected by eps","RTS","m_i^RTS","k"
"KD","False","1","0","2"
"Strategia","Nagroda"
"AllD","0,00"
"AllD","0,00"
"KDC","0,00"
"AllD","0,00"
"Sensor 2"
"curr_strat","is strategy selected by eps","RTS","m_i^RTS","k"
"ALLC","True","0","2","1"
"Strategia","Nagroda"
"KC","0,35"
"KC","0,56"
"AllD","0,00"
"KD","0,39"
"Sensor 3"
"curr_strat","is strategy selected by eps","RTS","m_i^RTS","k"
"KD","False","1","1","2"
"Strategia","Nagroda"
"KC","0,71"
"AllD","0,00"
"AllD","0,00"
"KC","0,71"
"Sensor 4"
"curr_strat","is strategy selected by eps","RTS","m_i^RTS","k"
"ALLC","False","0","0","1"
"Strategia","Nagroda"
"KDC","0,00"
"KD","0,90"
"ALLC","0,46"
"ALLC","0,90"
"Sensor 5"
"curr_strat","is strategy selected by eps","RTS","m_i^RTS","k"
"KD","True","1","1","2"
"Strategia","Nagroda"
"ALLC","0,75"
"KD","0,68"
"AllD","0,00"
"ALLC","0,75"
"#Debug part 3"
"Sensor 1"
"rev_i","rev_to_Send","rev_sh","sum"
"0,73","0,00","0,00","0,73"
"Sensor 2"
"rev_i","rev_to_Send","rev_sh","sum"
"0,57","0,00","0,00","0,57"
"Sensor 3"
"rev_i","rev_to_Send","rev_sh","sum"
"0,71","0,36","0,38","0,73"
"Sensor 4"
"rev_i","rev_to_Send","rev_sh","sum"
"0,90","0,00","0,00","0,90"
"Sensor 5"
"rev_i","rev_to_Send","rev_sh","sum"
"0,75","0,38","0,36","0,73"
"#Debug part 4"
"Sum","0,73"
"#Debug part 5"
"Sensor Number","State","Strategy Name","is strategy selected by eps","k"
"Sensor1","1","KD","False","2"
"Sensor2","1","ALLC","False","1"
"Sensor3","1","KD","False","2"
"Sensor4","1","KD","False","1"
"Sensor5","1","ALLC","False","2"
"###iteration","4"
"#Debug part 2"
"##Sensors states"
"id","state"
"1","1"
"2","1"
"3","1"
"4","1"
"5","1"
"Sensor 1"
"curr_strat","is strategy selected by eps","RTS","m_i^RTS","k"
"KD","False","1","0","2"
"Strategia","Nagroda"
"AllD","0,00"
"KDC","0,00"
"AllD","0,00"
"KD","0,73"
"Sensor 2"
"curr_strat","is strategy selected by eps","RTS","m_i^RTS","k"
"ALLC","False","0","2","1"
"Strategia","Nagroda"
"KC","0,56"
"AllD","0,00"
"KD","0,39"
"ALLC","0,57"
"Sensor 3"
"curr_strat","is strategy selected by eps","RTS","m_i^RTS","k"
"KD","False","1","1","2"
"Strategia","Nagroda"
"AllD","0,00"
"AllD","0,00"
"KC","0,71"
"KD","0,73"
"Sensor 4"
"curr_strat","is strategy selected by eps","RTS","m_i^RTS","k"
"KD","False","0","0","1"
"Strategia","Nagroda"
"KD","0,90"
"ALLC","0,46"
"ALLC","0,90"
"ALLC","0,90"
"Sensor 5"
"curr_strat","is strategy selected by eps","RTS","m_i^RTS","k"
"ALLC","False","1","1","2"
"Strategia","Nagroda"
"KD","0,68"
"AllD","0,00"
"ALLC","0,75"
"KD","0,73"
"#Debug part 3"
"Sensor 1"
"rev_i","rev_to_Send","rev_sh","sum"
"0,73","0,00","0,00","1,45"
"Sensor 2"
"rev_i","rev_to_Send","rev_sh","sum"
"0,57","0,00","0,00","1,14"
"Sensor 3"
"rev_i","rev_to_Send","rev_sh","sum"
"0,71","0,36","0,38","1,46"
"Sensor 4"
"rev_i","rev_to_Send","rev_sh","sum"
"0,90","0,00","0,00","1,80"
"Sensor 5"
"rev_i","rev_to_Send","rev_sh","sum"
"0,75","0,38","0,36","1,46"
"#Debug part 4"
"Sum","0,73"
"#Debug part 5"
"Sensor Number","State","Strategy Name","is strategy selected by eps","k"
"Sensor1","1","KD","False","2"
"Sensor2","1","ALLC","False","1"
"Sensor3","1","KD","False","2"
"Sensor4","1","ALLC","False","1"
"Sensor5","1","ALLC","False","2"
"#Debug part 6"
"Sensor 1"
"id","current_strategy","RTS tag","mi^RTS","K"
"-","-","-","-","-"
"Sensor 2"
"id","current_strategy","RTS tag","mi^RTS","K"
"4","ALLC","0","0","1"
"Sensor 3"
"id","current_strategy","RTS tag","mi^RTS","K"
"-","-","-","-","-"
"Sensor 4"
"id","current_strategy","RTS tag","mi^RTS","K"
"-","-","-","-","-"
"Sensor 5"
"id","current_strategy","RTS tag","mi^RTS","K"
"-","-","-","-","-"
"#Debug part 7"
"Sensor 1"
"State","current_strategy","is strategy selected by eps","RTS tag","mi^RTS","K"
"1","KD","False","1","0","2"
"Sensor 2"
"State","current_strategy","is strategy selected by eps","RTS tag","mi^RTS","K"
"1","ALLC","False","0","2","1"
"Sensor 3"
"State","current_strategy","is strategy selected by eps","RTS tag","mi^RTS","K"
"1","KD","False","1","1","2"
"Sensor 4"
"State","current_strategy","is strategy selected by eps","RTS tag","mi^RTS","K"
"1","ALLC","False","0","0","1"
"Sensor 5"
"State","current_strategy","is strategy selected by eps","RTS tag","mi^RTS","K"
"1","ALLC","False","1","1","2"
"Procent of strategy changed","0,20"
"###iteration","5"
"#Debug part 2"
"##Sensors states"
"id","state"
"1","1"
"2","1"
"3","1"
"4","1"
"5","1"
"Sensor 1"
"curr_strat","is strategy selected by eps","RTS","m_i^RTS","k"
"KD","False","1","0","2"
"Strategia","Nagroda"
"KDC","0,00"
"AllD","0,00"
"KD","0,73"
"KD","0,73"
"Sensor 2"
"curr_strat","is strategy selected by eps","RTS","m_i^RTS","k"
"ALLC","False","0","2","1"
"Strategia","Nagroda"
"AllD","0,00"
"KD","0,39"
"ALLC","0,57"
"ALLC","0,57"
"Sensor 3"
"curr_strat","is strategy selected by eps","RTS","m_i^RTS","k"
"KD","False","1","1","2"
"Strategia","Nagroda"
"AllD","0,00"
"KC","0,71"
"KD","0,73"
"KD","0,73"
"Sensor 4"
"curr_strat","is strategy selected by eps","RTS","m_i^RTS","k"
"ALLC","False","0","0","1"
"Strategia","Nagroda"
"ALLC","0,46"
"ALLC","0,90"
"ALLC","0,90"
"KD","0,90"
"Sensor 5"
"curr_strat","is strategy selected by eps","RTS","m_i^RTS","k"
"ALLC","False","1","1","2"
"Strategia","Nagroda"
"AllD","0,00"
"ALLC","0,75"
"KD","0,73"
"ALLC","0,73"
"#Debug part 3"
"Sensor 1"
"rev_i","rev_to_Send","rev_sh","sum"
"0,73","0,00","0,00","0,73"
"Sensor 2"
"rev_i","rev_to_Send","rev_sh","sum"
"0,57","0,00","0,00","0,57"
"Sensor 3"
"rev_i","rev_to_Send","rev_sh","sum"
"0,71","0,36","0,38","0,73"
"Sensor 4"
"rev_i","rev_to_Send","rev_sh","sum"
"0,90","0,00","0,00","0,90"
"Sensor 5"
"rev_i","rev_to_Send","rev_sh","sum"
"0,75","0,38","0,36","0,73"
"#Debug part 4"
"Sum","0,73"
"#Debug part 5"
"Sensor Number","State","Strategy Name","is strategy selected by eps","k"
"Sensor1","1","KC","True","2"
"Sensor2","1","KD","True","0"
"Sensor3","1","KD","True","0"
"Sensor4","1","ALLC","False","1"
"Sensor5","1","ALLC","False","2"
"###iteration","6"
"#Debug part 2"
"##Sensors states"
"id","state"
"1","1"
"2","1"
"3","1"
"4","1"
"5","1"
"Sensor 1"
"curr_strat","is strategy selected by eps","RTS","m_i^RTS","k"
"KC","True","1","0","2"
"Strategia","Nagroda"
"AllD","0,00"
"KD","0,73"
"KD","0,73"
"KD","0,73"
"Sensor 2"
"curr_strat","is strategy selected by eps","RTS","m_i^RTS","k"
"KD","True","0","2","0"
"Strategia","Nagroda"
"KD","0,39"
"ALLC","0,57"
"ALLC","0,57"
"ALLC","0,57"
"Sensor 3"
"curr_strat","is strategy selected by eps","RTS","m_i^RTS","k"
"KD","True","1","1","0"
"Strategia","Nagroda"
"KC","0,71"
"KD","0,73"
"KD","0,73"
"KD","0,73"
"Sensor 4"
"curr_strat","is strategy selected by eps","RTS","m_i^RTS","k"
"ALLC","False","0","0","1"
"Strategia","Nagroda"
"ALLC","0,90"
"ALLC","0,90"
"KD","0,90"
"ALLC","0,90"
"Sensor 5"
"curr_strat","is strategy selected by eps","RTS","m_i^RTS","k"
"ALLC","False","1","1","2"
"Strategia","Nagroda"
"ALLC","0,75"
"KD","0,73"
"ALLC","0,73"
"ALLC","0,73"
"#Debug part 3"
"Sensor 1"
"rev_i","rev_to_Send","rev_sh","sum"
"0,73","0,00","0,00","1,45"
"Sensor 2"
"rev_i","rev_to_Send","rev_sh","sum"
"0,57","0,00","0,00","1,14"
"Sensor 3"
"rev_i","rev_to_Send","rev_sh","sum"
"0,71","0,36","0,38","1,46"
"Sensor 4"
"rev_i","rev_to_Send","rev_sh","sum"
"0,90","0,00","0,00","1,80"
"Sensor 5"
"rev_i","rev_to_Send","rev_sh","sum"
"0,75","0,38","0,36","1,46"
"#Debug part 4"
"Sum","0,73"
"#Debug part 5"
"Sensor Number","State","Strategy Name","is strategy selected by eps","k"
"Sensor1","1","KDC","True","2"
"Sensor2","1","ALLC","False","0"
"Sensor3","1","KD","False","0"
"Sensor4","1","KC","True","1"
"Sensor5","1","KD","True","0"
"#Debug part 6"
"Sensor 1"
"id","current_strategy","RTS tag","mi^RTS","K"
"-","-","-","-","-"
"Sensor 2"
"id","current_strategy","RTS tag","mi^RTS","K"
"4","KC","0","0","1"
"Sensor 3"
"id","current_strategy","RTS tag","mi^RTS","K"
"-","-","-","-","-"
"Sensor 4"
"id","current_strategy","RTS tag","mi^RTS","K"
"-","-","-","-","-"
"Sensor 5"
"id","current_strategy","RTS tag","mi^RTS","K"
"-","-","-","-","-"
"#Debug part 7"
"Sensor 1"
"State","current_strategy","is strategy selected by eps","RTS tag","mi^RTS","K"
"1","KDC","True","1","0","2"
"Sensor 2"
"State","current_strategy","is strategy selected by eps","RTS tag","mi^RTS","K"
"1","KC","False","0","2","1"
"Sensor 3"
"State","current_strategy","is strategy selected by eps","RTS tag","mi^RTS","K"
"1","KD","False","1","1","0"
"Sensor 4"
"State","current_strategy","is strategy selected by eps","RTS tag","mi^RTS","K"
"1","KC","True","0","0","1"
"Sensor 5"
"State","current_strategy","is strategy selected by eps","RTS tag","mi^RTS","K"
"1","KD","True","1","1","0"
"Procent of strategy changed","0,20"
"###iteration","7"
"#Debug part 2"
"##Sensors states"
"id","state"
"1","0"
"2","0"
"3","1"
"4","1"
"5","1"
"Sensor 1"
"curr_strat","is strategy selected by eps","RTS","m_i^RTS","k"
"KDC","True","1","0","2"
"Strategia","Nagroda"
"KD","0,73"
"KD","0,73"
"KD","0,73"
"KC","0,73"
"Sensor 2"
"curr_strat","is strategy selected by eps","RTS","m_i^RTS","k"
"KC","False","0","2","1"
"Strategia","Nagroda"
"ALLC","0,57"
"ALLC","0,57"
"ALLC","0,57"
"KD","0,57"
"Sensor 3"
"curr_strat","is strategy selected by eps","RTS","m_i^RTS","k"
"KD","False","1","1","0"
"Strategia","Nagroda"
"KD","0,73"
"KD","0,73"
"KD","0,73"
"KD","0,73"
"Sensor 4"
"curr_strat","is strategy selected by eps","RTS","m_i^RTS","k"
"KC","True","0","0","1"
"Strategia","Nagroda"
"ALLC","0,90"
"KD","0,90"
"ALLC","0,90"
"ALLC","0,90"
"Sensor 5"
"curr_strat","is strategy selected by eps","RTS","m_i^RTS","k"
"KD","True","1","1","0"
"Strategia","Nagroda"
"KD","0,73"
"ALLC","0,73"
"ALLC","0,73"
"ALLC","0,73"
"#Debug part 3"
"Sensor 1"
"rev_i","rev_to_Send","rev_sh","sum"
"0,00","0,00","0,00","0,00"
"Sensor 2"
"rev_i","rev_to_Send","rev_sh","sum"
"0,00","0,00","0,00","0,00"
"Sensor 3"
"rev_i","rev_to_Send","rev_sh","sum"
"0,49","0,25","0,38","0,62"
"Sensor 4"
"rev_i","rev_to_Send","rev_sh","sum"
"0,66","0,00","0,00","0,66"
"Sensor 5"
"rev_i","rev_to_Send","rev_sh","sum"
"0,75","0,38","0,25","0,62"
"#Debug part 4"
"Sum","0,38"
"#Debug part 5"
"Sensor Number","State","Strategy Name","is strategy selected by eps","k"
"Sensor1","0","KD","False","2"
"Sensor2","0","KC","True","0"
"Sensor3","1","KD","False","0"
"Sensor4","1","ALLC","True","1"
"Sensor5","1","ALLC","False","0"
"###iteration","8"
"#Debug part 2"
"##Sensors states"
"id","state"
"1","1"
"2","0"
"3","0"
"4","1"
"5","1"
"Sensor 1"
"curr_strat","is strategy selected by eps","RTS","m_i^RTS","k"
"KD","False","1","0","2"
"Strategia","Nagroda"
"KD","0,73"
"KD","0,73"
"KC","0,73"
"KDC","0,00"
"Sensor 2"
"curr_strat","is strategy selected by eps","RTS","m_i^RTS","k"
"KC","True","0","2","0"
"Strategia","Nagroda"
"ALLC","0,57"
"ALLC","0,57"
"KD","0,57"
"KC","0,00"
"Sensor 3"
"curr_strat","is strategy selected by eps","RTS","m_i^RTS","k"
"KD","False","1","1","0"
"Strategia","Nagroda"
"KD","0,73"
"KD","0,73"
"KD","0,73"
"KD","0,62"
"Sensor 4"
"curr_strat","is strategy selected by eps","RTS","m_i^RTS","k"
"ALLC","True","0","0","1"
"Strategia","Nagroda"
"KD","0,90"
"ALLC","0,90"
"ALLC","0,90"
"KC","0,66"
"Sensor 5"
"curr_strat","is strategy selected by eps","RTS","m_i^RTS","k"
"ALLC","False","1","1","0"
"Strategia","Nagroda"
"ALLC","0,73"
"ALLC","0,73"
"ALLC","0,73"
"KD","0,62"
"#Debug part 3"
"Sensor 1"
"rev_i","rev_to_Send","rev_sh","sum"
"0,76","0,00","0,00","0,76"
"Sensor 2"
"rev_i","rev_to_Send","rev_sh","sum"
"0,00","0,00","0,00","0,00"
"Sensor 3"
"rev_i","rev_to_Send","rev_sh","sum"
"0,00","0,00","0,26","0,88"
"Sensor 4"
"rev_i","rev_to_Send","rev_sh","sum"
"0,76","0,00","0,00","1,42"
"Sensor 5"
"rev_i","rev_to_Send","rev_sh","sum"
"0,52","0,26","0,00","0,88"
"#Debug part 4"
"Sum","0,39"
"#Debug part 5"
"Sensor Number","State","Strategy Name","is strategy selected by eps","k"
"Sensor1","1","KD","True","1"
"Sensor2","0","ALLC","False","0"
"Sensor3","0","KD","True","1"
"Sensor4","1","ALLC","False","1"
"Sensor5","1","ALLC","False","0"
"#Debug part 6"
"Sensor 1"
"id","current_strategy","RTS tag","mi^RTS","K"
"-","-","-","-","-"
"Sensor 2"
"id","current_strategy","RTS tag","mi^RTS","K"
"4","ALLC","0","0","1"
"Sensor 3"
"id","current_strategy","RTS tag","mi^RTS","K"
"-","-","-","-","-"
"Sensor 4"
"id","current_strategy","RTS tag","mi^RTS","K"
"-","-","-","-","-"
"Sensor 5"
"id","current_strategy","RTS tag","mi^RTS","K"
"-","-","-","-","-"
"#Debug part 7"
"Sensor 1"
"State","current_strategy","is strategy selected by eps","RTS tag","mi^RTS","K"
"1","KD","True","1","0","1"
"Sensor 2"
"State","current_strategy","is strategy selected by eps","RTS tag","mi^RTS","K"
"0","ALLC","False","0","2","1"
"Sensor 3"
"State","current_strategy","is strategy selected by eps","RTS tag","mi^RTS","K"
"0","KD","True","1","1","1"
"Sensor 4"
"State","current_strategy","is strategy selected by eps","RTS tag","mi^RTS","K"
"1","ALLC","False","0","0","1"
"Sensor 5"
"State","current_strategy","is strategy selected by eps","RTS tag","mi^RTS","K"
"1","ALLC","False","1","1","0"
"Procent of strategy changed","0,20"
"###iteration","9"
"#Debug part 2"
"##Sensors states"
"id","state"
"1","1"
"2","1"
"3","1"
"4","1"
"5","1"
"Sensor 1"
"curr_strat","is strategy selected by eps","RTS","m_i^RTS","k"
"KD","True","1","0","1"
"Strategia","Nagroda"
"KD","0,73"
"KC","0,73"
"KDC","0,00"
"KD","0,76"
"Sensor 2"
"curr_strat","is strategy selected by eps","RTS","m_i^RTS","k"
"ALLC","False","0","2","1"
"Strategia","Nagroda"
"ALLC","0,57"
"KD","0,57"
"KC","0,00"
"KC","0,00"
"Sensor 3"
"curr_strat","is strategy selected by eps","RTS","m_i^RTS","k"
"KD","True","1","1","1"
"Strategia","Nagroda"
"KD","0,73"
"KD","0,73"
"KD","0,62"
"KD","0,26"
"Sensor 4"
"curr_strat","is strategy selected by eps","RTS","m_i^RTS","k"
"ALLC","False","0","0","1"
"Strategia","Nagroda"
"ALLC","0,90"
"ALLC","0,90"
"KC","0,66"
"ALLC","0,76"
"Sensor 5"
"curr_strat","is strategy selected by eps","RTS","m_i^RTS","k"
"ALLC","False","1","1","0"
"Strategia","Nagroda"
"ALLC","0,73"
"ALLC","0,73"
"KD","0,62"
"ALLC","0,26"
"#Debug part 3"
"Sensor 1"
"rev_i","rev_to_Send","rev_sh","sum"
"0,73","0,00","0,00","0,73"
"Sensor 2"
"rev_i","rev_to_Send","rev_sh","sum"
"0,57","0,00","0,00","0,57"
"Sensor 3"
"rev_i","rev_to_Send","rev_sh","sum"
"0,71","0,36","0,38","0,73"
"Sensor 4"
"rev_i","rev_to_Send","rev_sh","sum"
"0,90","0,00","0,00","0,90"
"Sensor 5"
"rev_i","rev_to_Send","rev_sh","sum"
"0,75","0,38","0,36","0,73"
"#Debug part 4"
"Sum","0,73"
"#Debug part 5"
"Sensor Number","State","Strategy Name","is strategy selected by eps","k"
"Sensor1","1","AllD","True","1"
"Sensor2","1","ALLC","True","1"
"Sensor3","1","ALLC","True","1"
"Sensor4","1","ALLC","False","1"
"Sensor5","1","ALLC","True","0"
"###iteration","10"
"#Debug part 2"
"##Sensors states"
"id","state"
"1","0"
"2","1"
"3","1"
"4","1"
"5","1"
"Sensor 1"
"curr_strat","is strategy selected by eps","RTS","m_i^RTS","k"
"AllD","True","1","0","1"
"Strategia","Nagroda"
"KC","0,73"
"KDC","0,00"
"KD","0,76"
"KD","0,73"
"Sensor 2"
"curr_strat","is strategy selected by eps","RTS","m_i^RTS","k"
"ALLC","True","0","2","1"
"Strategia","Nagroda"
"KD","0,57"
"KC","0,00"
"KC","0,00"
"ALLC","0,57"
"Sensor 3"
"curr_strat","is strategy selected by eps","RTS","m_i^RTS","k"
"ALLC","True","1","1","1"
"Strategia","Nagroda"
"KD","0,73"
"KD","0,62"
"KD","0,26"
"KD","0,73"
"Sensor 4"
"curr_strat","is strategy selected by eps","RTS","m_i^RTS","k"
"ALLC","False","0","0","1"
"Strategia","Nagroda"
"ALLC","0,90"
"KC","0,66"
"ALLC","0,76"
"ALLC","0,90"
"Sensor 5"
"curr_strat","is strategy selected by eps","RTS","m_i^RTS","k"
"ALLC","True","1","1","0"
"Strategia","Nagroda"
"ALLC","0,73"
"KD","0,62"
"ALLC","0,26"
"ALLC","0,73"
"#Debug part 3"
"Sensor 1"
"rev_i","rev_to_Send","rev_sh","sum"
"0,00","0,00","0,00","0,73"
"Sensor 2"
"rev_i","rev_to_Send","rev_sh","sum"
"0,39","0,00","0,00","0,96"
"Sensor 3"
"rev_i","rev_to_Send","rev_sh","sum"
"0,71","0,36","0,38","1,46"
"Sensor 4"
"rev_i","rev_to_Send","rev_sh","sum"
"0,90","0,00","0,00","1,80"
"Sensor 5"
"rev_i","rev_to_Send","rev_sh","sum"
"0,75","0,38","0,36","1,46"
"#Debug part 4"
"Sum","0,64"
"#Debug part 5"
"Sensor Number","State","Strategy Name","is strategy selected by eps","k"
"Sensor1","0","KC","True","0"
"Sensor2","1","ALLC","False","1"
"Sensor3","1","KDC","True","0"
"Sensor4","1","ALLC","False","1"
"Sensor5","1","ALLC","False","0"
"#Debug part 6"
"Sensor 1"
"id","current_strategy","RTS tag","mi^RTS","K"
"2","ALLC","0","2","1"
"Sensor 2"
"id","current_strategy","RTS tag","mi^RTS","K"
"4","ALLC","0","0","1"
"Sensor 3"
"id","current_strategy","RTS tag","mi^RTS","K"
"-","-","-","-","-"
"Sensor 4"
"id","current_strategy","RTS tag","mi^RTS","K"
"-","-","-","-","-"
"Sensor 5"
"id","current_strategy","RTS tag","mi^RTS","K"
"-","-","-","-","-"
"#Debug part 7"
"Sensor 1"
"State","current_strategy","is strategy selected by eps","RTS tag","mi^RTS","K"
"0","ALLC","True","0","0","1"
"Sensor 2"
"State","current_strategy","is strategy selected by eps","RTS tag","mi^RTS","K"
"1","ALLC","False","0","1","1"
"Sensor 3"
"State","current_strategy","is strategy selected by eps","RTS tag","mi^RTS","K"
"1","KDC","True","1","1","0"
"Sensor 4"
"State","current_strategy","is strategy selected by eps","RTS tag","mi^RTS","K"
"1","ALLC","False","0","0","1"
"Sensor 5"
"State","current_strategy","is strategy selected by eps","RTS tag","mi^RTS","K"
"1","ALLC","False","1","1","0"
"Procent of strategy changed","0,40"
"###iteration","11"
"#Debug part 2"
"##Sensors states"
"id","state"
"1","1"
"2","1"
"3","0"
"4","1"
"5","1"
"Sensor 1"
"curr_strat","is strategy selected by eps","RTS","m_i^RTS","k"
"ALLC","True","0","0","1"
"Strategia","Nagroda"
"KDC","0,00"
"KD","0,76"
"KD","0,73"
"AllD","0,00"
"Sensor 2"
"curr_strat","is strategy selected by eps","RTS","m_i^RTS","k"
"ALLC","False","0","1","1"
"Strategia","Nagroda"
"KC","0,00"
"KC","0,00"
"ALLC","0,57"
"ALLC","0,39"
"Sensor 3"
"curr_strat","is strategy selected by eps","RTS","m_i^RTS","k"
"KDC","True","1","1","0"
"Strategia","Nagroda"
"KD","0,62"
"KD","0,26"
"KD","0,73"
"ALLC","0,73"
"Sensor 4"
"curr_strat","is strategy selected by eps","RTS","m_i^RTS","k"
"ALLC","False","0","0","1"
"Strategia","Nagroda"
"KC","0,66"
"ALLC","0,76"
"ALLC","0,90"
"ALLC","0,90"
"Sensor 5"
"curr_strat","is strategy selected by eps","RTS","m_i^RTS","k"
"ALLC","False","1","1","0"
"Strategia","Nagroda"
"KD","0,62"
"ALLC","0,26"
"ALLC","0,73"
"ALLC","0,73"
"#Debug part 3"
"Sensor 1"
"rev_i","rev_to_Send","rev_sh","sum"
"0,73","0,00","0,00","0,73"
"Sensor 2"
"rev_i","rev_to_Send","rev_sh","sum"
"0,35","0,00","0,00","0,35"
"Sensor 3"
"rev_i","rev_to_Send","rev_sh","sum"
"0,00","0,00","0,34","0,34"
"Sensor 4"
"rev_i","rev_to_Send","rev_sh","sum"
"0,90","0,00","0,00","0,90"
"Sensor 5"
"rev_i","rev_to_Send","rev_sh","sum"
"0,68","0,34","0,00","0,34"
"#Debug part 4"
"Sum","0,53"
"#Debug part 5"
"Sensor Number","State","Strategy Name","is strategy selected by eps","k"
"Sensor1","1","KC","True","0"
"Sensor2","1","ALLC","False","1"
"Sensor3","0","KC","True","2"
"Sensor4","1","ALLC","False","1"
"Sensor5","1","KD","True","0"
"###iteration","12"
"#Debug part 2"
"##Sensors states"
"id","state"
"1","0"
"2","1"
"3","1"
"4","1"
"5","0"
"Sensor 1"
"curr_strat","is strategy selected by eps","RTS","m_i^RTS","k"
"KC","True","0","0","0"
"Strategia","Nagroda"
"KD","0,76"
"KD","0,73"
"AllD","0,00"
"ALLC","0,73"
"Sensor 2"
"curr_strat","is strategy selected by eps","RTS","m_i^RTS","k"
"ALLC","False","0","1","1"
"Strategia","Nagroda"
"KC","0,00"
"ALLC","0,57"
"ALLC","0,39"
"ALLC","0,35"
"Sensor 3"
"curr_strat","is strategy selected by eps","RTS","m_i^RTS","k"
"KC","True","1","1","2"
"Strategia","Nagroda"
"KD","0,26"
"KD","0,73"
"ALLC","0,73"
"KDC","0,34"
"Sensor 4"
"curr_strat","is strategy selected by eps","RTS","m_i^RTS","k"
"ALLC","False","0","0","1"
"Strategia","Nagroda"
"ALLC","0,76"
"ALLC","0,90"
"ALLC","0,90"
"ALLC","0,90"
"Sensor 5"
"curr_strat","is strategy selected by eps","RTS","m_i^RTS","k"
"KD","True","1","1","0"
"Strategia","Nagroda"
"ALLC","0,26"
"ALLC","0,73"
"ALLC","0,73"
"ALLC","0,34"
"#Debug part 3"
"Sensor 1"
"rev_i","rev_to_Send","rev_sh","sum"
"0,00","0,00","0,00","0,73"
"Sensor 2"
"rev_i","rev_to_Send","rev_sh","sum"
"0,39","0,00","0,00","0,73"
"Sensor 3"
"rev_i","rev_to_Send","rev_sh","sum"
"0,46","0,23","0,00","0,57"
"Sensor 4"
"rev_i","rev_to_Send","rev_sh","sum"
"0,90","0,00","0,00","1,80"
"Sensor 5"
"rev_i","rev_to_Send","rev_sh","sum"
"0,00","0,00","0,23","0,57"
"#Debug part 4"
"Sum","0,44"
"#Debug part 5"
"Sensor Number","State","Strategy Name","is strategy selected by eps","k"
"Sensor1","0","KD","False","0"
"Sensor2","1","ALLC","False","1"
"Sensor3","1","KD","True","0"
"Sensor4","1","ALLC","False","1"
"Sensor5","0","ALLC","False","0"
"#Debug part 6"
"Sensor 1"
"id","current_strategy","RTS tag","mi^RTS","K"
"2","ALLC","0","1","1"
"Sensor 2"
"id","current_strategy","RTS tag","mi^RTS","K"
"4","ALLC","0","0","1"
"Sensor 3"
"id","current_strategy","RTS tag","mi^RTS","K"
"2","ALLC","0","1","1"
"Sensor 4"
"id","current_strategy","RTS tag","mi^RTS","K"
"-","-","-","-","-"
"Sensor 5"
"id","current_strategy","RTS tag","mi^RTS","K"
"-","-","-","-","-"
"#Debug part 7"
"Sensor 1"
"State","current_strategy","is strategy selected by eps","RTS tag","mi^RTS","K"
"0","ALLC","False","0","0","1"
"Sensor 2"
"State","current_strategy","is strategy selected by eps","RTS tag","mi^RTS","K"
"1","ALLC","False","0","0","1"
"Sensor 3"
"State","current_strategy","is strategy selected by eps","RTS tag","mi^RTS","K"
"1","ALLC","True","0","1","1"
"Sensor 4"
"State","current_strategy","is strategy selected by eps","RTS tag","mi^RTS","K"
"1","ALLC","False","0","0","1"
"Sensor 5"
"State","current_strategy","is strategy selected by eps","RTS tag","mi^RTS","K"
"0","ALLC","False","1","0","0"
"Procent of strategy changed","0,60"
"###iteration","13"
"#Debug part 2"
"##Sensors states"
"id","state"
"1","1"
"2","1"
"3","1"
"4","1"
"5","1"
"Sensor 1"
"curr_strat","is strategy selected by eps","RTS","m_i^RTS","k"
"ALLC","False","0","0","1"
"Strategia","Nagroda"
"KD","0,73"
"AllD","0,00"
"ALLC","0,73"
"KC","0,00"
"Sensor 2"
"curr_strat","is strategy selected by eps","RTS","m_i^RTS","k"
"ALLC","False","0","0","1"
"Strategia","Nagroda"
"ALLC","0,57"
"ALLC","0,39"
"ALLC","0,35"
"ALLC","0,39"
"Sensor 3"
"curr_strat","is strategy selected by eps","RTS","m_i^RTS","k"
"ALLC","True","0","1","1"
"Strategia","Nagroda"
"KD","0,73"
"ALLC","0,73"
"KDC","0,34"
"KC","0,23"
"Sensor 4"
"curr_strat","is strategy selected by eps","RTS","m_i^RTS","k"
"ALLC","False","0","0","1"
"Strategia","Nagroda"
"ALLC","0,90"
"ALLC","0,90"
"ALLC","0,90"
"ALLC","0,90"
"Sensor 5"
"curr_strat","is strategy selected by eps","RTS","m_i^RTS","k"
"ALLC","False","1","0","0"
"Strategia","Nagroda"
"ALLC","0,73"
"ALLC","0,73"
"ALLC","0,34"
"KD","0,23"
"#Debug part 3"
"Sensor 1"
"rev_i","rev_to_Send","rev_sh","sum"
"0,73","0,00","0,00","0,73"
"Sensor 2"
"rev_i","rev_to_Send","rev_sh","sum"
"0,57","0,00","0,00","0,57"
"Sensor 3"
"rev_i","rev_to_Send","rev_sh","sum"
"0,71","0,23","0,00","0,71"
"Sensor 4"
"rev_i","rev_to_Send","rev_sh","sum"
"0,90","0,00","0,00","0,90"
"Sensor 5"
"rev_i","rev_to_Send","rev_sh","sum"
"0,75","0,00","0,00","0,75"
"#Debug part 4"
"Sum","0,73"
"#Debug part 5"
"Sensor Number","State","Strategy Name","is strategy selected by eps","k"
"Sensor1","1","AllD","True","1"
"Sensor2","1","ALLC","False","1"
"Sensor3","1","ALLC","False","1"
"Sensor4","1","KDC","True","2"
"Sensor5","1","ALLC","False","0"
"###iteration","14"
"#Debug part 2"
"##Sensors states"
"id","state"
"1","0"
"2","1"
"3","1"
"4","0"
"5","1"
"Sensor 1"
"curr_strat","is strategy selected by eps","RTS","m_i^RTS","k"
"AllD","True","0","0","1"
"Strategia","Nagroda"
"AllD","0,00"
"ALLC","0,73"
"KC","0,00"
"ALLC","0,73"
"Sensor 2"
"curr_strat","is strategy selected by eps","RTS","m_i^RTS","k"
"ALLC","False","0","0","1"
"Strategia","Nagroda"
"ALLC","0,39"
"ALLC","0,35"
"ALLC","0,39"
"ALLC","0,57"
"Sensor 3"
"curr_strat","is strategy selected by eps","RTS","m_i^RTS","k"
"ALLC","False","0","1","1"
"Strategia","Nagroda"
"ALLC","0,73"
"KDC","0,34"
"KC","0,23"
"ALLC","0,71"
"Sensor 4"
"curr_strat","is strategy selected by eps","RTS","m_i^RTS","k"
"KDC","True","0","0","2"
"Strategia","Nagroda"
"ALLC","0,90"
"ALLC","0,90"
"ALLC","0,90"
"ALLC","0,90"
"Sensor 5"
"curr_strat","is strategy selected by eps","RTS","m_i^RTS","k"
"ALLC","False","1","0","0"
"Strategia","Nagroda"
"ALLC","0,73"
"ALLC","0,34"
"KD","0,23"
"ALLC","0,75"
"#Debug part 3"
"Sensor 1"
"rev_i","rev_to_Send","rev_sh","sum"
"0,00","0,00","0,00","0,73"
"Sensor 2"
"rev_i","rev_to_Send","rev_sh","sum"
"0,35","0,00","0,00","0,93"
"Sensor 3"
"rev_i","rev_to_Send","rev_sh","sum"
"0,71","0,23","0,00","1,43"
"Sensor 4"
"rev_i","rev_to_Send","rev_sh","sum"
"0,00","0,00","0,00","0,90"
"Sensor 5"
"rev_i","rev_to_Send","rev_sh","sum"
"0,75","0,00","0,00","1,50"
"#Debug part 4"
"Sum","0,55"
"#Debug part 5"
"Sensor Number","State","Strategy Name","is strategy selected by eps","k"
"Sensor1","0","ALLC","False","1"
"Sensor2","1","ALLC","False","1"
"Sensor3","1","ALLC","False","1"
"Sensor4","0","ALLC","False","2"
"Sensor5","1","KD","True","2"
"#Debug part 6"
"Sensor 1"
"id","current_strategy","RTS tag","mi^RTS","K"
"2","ALLC","0","0","1"
"Sensor 2"
"id","current_strategy","RTS tag","mi^RTS","K"
"3","ALLC","0","1","1"
"Sensor 3"
"id","current_strategy","RTS tag","mi^RTS","K"
"5","KD","1","0","2"
"Sensor 4"
"id","current_strategy","RTS tag","mi^RTS","K"
"2","ALLC","0","0","1"
"Sensor 5"
"id","current_strategy","RTS tag","mi^RTS","K"
"-","-","-","-","-"
"#Debug part 7"
"Sensor 1"
"State","current_strategy","is strategy selected by eps","RTS tag","mi^RTS","K"
"0","ALLC","False","0","0","1"
"Sensor 2"
"State","current_strategy","is strategy selected by eps","RTS tag","mi^RTS","K"
"1","ALLC","False","0","1","1"
"Sensor 3"
"State","current_strategy","is strategy selected by eps","RTS tag","mi^RTS","K"
"1","KD","False","1","1","2"
"Sensor 4"
"State","current_strategy","is strategy selected by eps","RTS tag","mi^RTS","K"
"0","ALLC","False","0","0","1"
"Sensor 5"
"State","current_strategy","is strategy selected by eps","RTS tag","mi^RTS","K"
"1","KD","True","1","1","2"
"Procent of strategy changed","0,80"
"###iteration","15"
"#Debug part 2"
"##Sensors states"
"id","state"
"1","1"
"2","1"
"3","1"
"4","1"
"5","1"
"Sensor 1"
"curr_strat","is strategy selected by eps","RTS","m_i^RTS","k"
"ALLC","False","0","0","1"
"Strategia","Nagroda"
"ALLC","0,73"
"KC","0,00"
"ALLC","0,73"
"AllD","0,00"
"Sensor 2"
"curr_strat","is strategy selected by eps","RTS","m_i^RTS","k"
"ALLC","False","0","1","1"
"Strategia","Nagroda"
"ALLC","0,35"
"ALLC","0,39"
"ALLC","0,57"
"ALLC","0,35"
"Sensor 3"
"curr_strat","is strategy selected by eps","RTS","m_i^RTS","k"
"KD","False","1","1","2"
"Strategia","Nagroda"
"KDC","0,34"
"KC","0,23"
"ALLC","0,71"
"ALLC","0,71"
"Sensor 4"
"curr_strat","is strategy selected by eps","RTS","m_i^RTS","k"
"ALLC","False","0","0","1"
"Strategia","Nagroda"
"ALLC","0,90"
"ALLC","0,90"
"ALLC","0,90"
"KDC","0,00"
"Sensor 5"
"curr_strat","is strategy selected by eps","RTS","m_i^RTS","k"
"KD","True","1","1","2"
"Strategia","Nagroda"
"ALLC","0,34"
"KD","0,23"
"ALLC","0,75"
"ALLC","0,75"
"#Debug part 3"
"Sensor 1"
"rev_i","rev_to_Send","rev_sh","sum"
"0,73","0,00","0,00","0,73"
"Sensor 2"
"rev_i","rev_to_Send","rev_sh","sum"
"0,57","0,00","0,00","0,57"
"Sensor 3"
"rev_i","rev_to_Send","rev_sh","sum"
"0,71","0,36","0,38","0,73"
"Sensor 4"
"rev_i","rev_to_Send","rev_sh","sum"
"0,90","0,00","0,00","0,90"
"Sensor 5"
"rev_i","rev_to_Send","rev_sh","sum"
"0,75","0,38","0,36","0,73"
"#Debug part 4"
"Sum","0,73"
"#Debug part 5"
"Sensor Number","State","Strategy Name","is strategy selected by eps","k"
"Sensor1","1","KDC","True","2"
"Sensor2","1","ALLC","False","1"
"Sensor3","1","KD","False","2"
"Sensor4","1","KC","True","0"
"Sensor5","1","ALLC","False","2"
"###iteration","16"
"#Debug part 2"
"##Sensors states"
"id","state"
"1","0"
"2","1"
"3","1"
"4","0"
"5","1"
"Sensor 1"
"curr_strat","is strategy selected by eps","RTS","m_i^RTS","k"
"KDC","True","0","0","2"
"Strategia","Nagroda"
"KC","0,00"
"ALLC","0,73"
"AllD","0,00"
"ALLC","0,73"
"Sensor 2"
"curr_strat","is strategy selected by eps","RTS","m_i^RTS","k"
"ALLC","False","0","1","1"
"Strategia","Nagroda"
"ALLC","0,39"
"ALLC","0,57"
"ALLC","0,35"
"ALLC","0,57"
"Sensor 3"
"curr_strat","is strategy selected by eps","RTS","m_i^RTS","k"
"KD","False","1","1","2"
"Strategia","Nagroda"
"KC","0,23"
"ALLC","0,71"
"ALLC","0,71"
"KD","0,73"
"Sensor 4"
"curr_strat","is strategy selected by eps","RTS","m_i^RTS","k"
"KC","True","0","0","0"
"Strategia","Nagroda"
"ALLC","0,90"
"ALLC","0,90"
"KDC","0,00"
"ALLC","0,90"
"Sensor 5"
"curr_strat","is strategy selected by eps","RTS","m_i^RTS","k"
"ALLC","False","1","1","2"
"Strategia","Nagroda"
"KD","0,23"
"ALLC","0,75"
"ALLC","0,75"
"KD","0,73"
"#Debug part 3"
"Sensor 1"
"rev_i","rev_to_Send","rev_sh","sum"
"0,00","0,00","0,00","0,73"
"Sensor 2"
"rev_i","rev_to_Send","rev_sh","sum"
"0,35","0,00","0,00","0,93"
"Sensor 3"
"rev_i","rev_to_Send","rev_sh","sum"
"0,71","0,36","0,38","1,46"
"Sensor 4"
"rev_i","rev_to_Send","rev_sh","sum"
"0,00","0,00","0,00","0,90"
"Sensor 5"
"rev_i","rev_to_Send","rev_sh","sum"
"0,75","0,38","0,36","1,46"
"#Debug part 4"
"Sum","0,55"
"#Debug part 5"
"Sensor Number","State","Strategy Name","is strategy selected by eps","k"
"Sensor1","0","ALLC","False","2"
"Sensor2","1","ALLC","False","1"
"Sensor3","1","KD","False","2"
"Sensor4","0","AllD","True","0"
"Sensor5","1","ALLC","False","2"
"#Debug part 6"
"Sensor 1"
"id","current_strategy","RTS tag","mi^RTS","K"
"2","ALLC","0","1","1"
"Sensor 2"
"id","current_strategy","RTS tag","mi^RTS","K"
"3","KD","1","1","2"
"Sensor 3"
"id","current_strategy","RTS tag","mi^RTS","K"
"-","-","-","-","-"
"Sensor 4"
"id","current_strategy","RTS tag","mi^RTS","K"
"2","ALLC","0","1","1"
"Sensor 5"
"id","current_strategy","RTS tag","mi^RTS","K"
"-","-","-","-","-"
"#Debug part 7"
"Sensor 1"
"State","current_strategy","is strategy selected by eps","RTS tag","mi^RTS","K"
"0","ALLC","False","0","1","1"
"Sensor 2"
"State","current_strategy","is strategy selected by eps","RTS tag","mi^RTS","K"
"1","KD","False","1","1","2"
"Sensor 3"
"State","current_strategy","is strategy selected by eps","RTS tag","mi^RTS","K"
"1","KD","False","1","2","2"
"Sensor 4"
"State","current_strategy","is strategy selected by eps","RTS tag","mi^RTS","K"
"0","ALLC","True","0","1","1"
"Sensor 5"
"State","current_strategy","is strategy selected by eps","RTS tag","mi^RTS","K"
"1","ALLC","False","1","1","2"
"Procent of strategy changed","0,60"
"###iteration","17"
"#Debug part 2"
"##Sensors states"
"id","state"
"1","1"
"2","1"
"3","1"
"4","1"
"5","1"
"Sensor 1"
"curr_strat","is strategy selected by eps","RTS","m_i^RTS","k"
"ALLC","False","0","1","1"
"Strategia","Nagroda"
"ALLC","0,73"
"AllD","0,00"
"ALLC","0,73"
"KDC","0,00"
"Sensor 2"
"curr_strat","is strategy selected by eps","RTS","m_i^RTS","k"
"KD","False","1","1","2"
"Strategia","Nagroda"
"ALLC","0,57"
"ALLC","0,35"
"ALLC","0,57"
"ALLC","0,35"
"Sensor 3"
"curr_strat","is strategy selected by eps","RTS","m_i^RTS","k"
"KD","False","1","2","2"
"Strategia","Nagroda"
"ALLC","0,71"
"ALLC","0,71"
"KD","0,73"
"KD","0,73"
"Sensor 4"
"curr_strat","is strategy selected by eps","RTS","m_i^RTS","k"
"ALLC","True","0","1","1"
"Strategia","Nagroda"
"ALLC","0,90"
"KDC","0,00"
"ALLC","0,90"
"KC","0,00"
"Sensor 5"
"curr_strat","is strategy selected by eps","RTS","m_i^RTS","k"
"ALLC","False","1","1","2"
"Strategia","Nagroda"
"ALLC","0,75"
"ALLC","0,75"
"KD","0,73"
"ALLC","0,73"
"#Debug part 3"
"Sensor 1"
"rev_i","rev_to_Send","rev_sh","sum"
"0,73","0,00","0,00","0,73"
"Sensor 2"
"rev_i","rev_to_Send","rev_sh","sum"
"0,57","0,29","0,24","0,52"
"Sensor 3"
"rev_i","rev_to_Send","rev_sh","sum"
"0,71","0,24","0,66","0,90"
"Sensor 4"
"rev_i","rev_to_Send","rev_sh","sum"
"0,90","0,00","0,00","0,90"
"Sensor 5"
"rev_i","rev_to_Send","rev_sh","sum"
"0,75","0,38","0,24","0,61"
"#Debug part 4"
"Sum","0,73"
"#Debug part 5"
"Sensor Number","State","Strategy Name","is strategy selected by eps","k"
"Sensor1","1","ALLC","False","1"
"Sensor2","1","ALLC","False","2"
"Sensor3","1","KD","False","2"
"Sensor4","1","ALLC","False","1"
"Sensor5","1","ALLC","False","2"
"###iteration","18"
"#Debug part 2"
"##Sensors states"
"id","state"
"1","1"
"2","1"
"3","1"
"4","1"
"5","1"
"Sensor 1"
"curr_strat","is strategy selected by eps","RTS","m_i^RTS","k"
"ALLC","False","0","1","1"
"Strategia","Nagroda"
"AllD","0,00"
"ALLC","0,73"
"KDC","0,00"
"ALLC","0,73"
"Sensor 2"
"curr_strat","is strategy selected by eps","RTS","m_i^RTS","k"
"ALLC","False","1","1","2"
"Strategia","Nagroda"
"ALLC","0,35"
"ALLC","0,57"
"ALLC","0,35"
"KD","0,52"
"Sensor 3"
"curr_strat","is strategy selected by eps","RTS","m_i^RTS","k"
"KD","False","1","2","2"
"Strategia","Nagroda"
"ALLC","0,71"
"KD","0,73"
"KD","0,73"
"KD","0,90"
"Sensor 4"
"curr_strat","is strategy selected by eps","RTS","m_i^RTS","k"
"ALLC","False","0","1","1"
"Strategia","Nagroda"
"KDC","0,00"
"ALLC","0,90"
"KC","0,00"
"ALLC","0,90"
"Sensor 5"
"curr_strat","is strategy selected by eps","RTS","m_i^RTS","k"
"ALLC","False","1","1","2"
"Strategia","Nagroda"
"ALLC","0,75"
"KD","0,73"
"ALLC","0,73"
"ALLC","0,61"
"#Debug part 3"
"Sensor 1"
"rev_i","rev_to_Send","rev_sh","sum"
"0,73","0,00","0,00","1,45"
"Sensor 2"
"rev_i","rev_to_Send","rev_sh","sum"
"0,57","0,29","0,24","1,05"
"Sensor 3"
"rev_i","rev_to_Send","rev_sh","sum"
"0,71","0,24","0,66","1,80"
"Sensor 4"
"rev_i","rev_to_Send","rev_sh","sum"
"0,90","0,00","0,00","1,80"
"Sensor 5"
"rev_i","rev_to_Send","rev_sh","sum"
"0,75","0,38","0,24","1,23"
"#Debug part 4"
"Sum","0,73"
"#Debug part 5"
"Sensor Number","State","Strategy Name","is strategy selected by eps","k"
"Sensor1","1","ALLC","False","1"
"Sensor2","1","ALLC","False","2"
"Sensor3","1","KD","False","2"
"Sensor4","1","ALLC","False","1"
"Sensor5","1","KD","False","2"
"#Debug part 6"
"Sensor 1"
"id","current_strategy","RTS tag","mi^RTS","K"
"-","-","-","-","-"
"Sensor 2"
"id","current_strategy","RTS tag","mi^RTS","K"
"4","ALLC","0","1","1"
"Sensor 3"
"id","current_strategy","RTS tag","mi^RTS","K"
"-","-","-","-","-"
"Sensor 4"
"id","current_strategy","RTS tag","mi^RTS","K"
"-","-","-","-","-"
"Sensor 5"
"id","current_strategy","RTS tag","mi^RTS","K"
"3","KD","1","2","2"
"#Debug part 7"
"Sensor 1"
"State","current_strategy","is strategy selected by eps","RTS tag","mi^RTS","K"
"1","ALLC","False","0","0","1"
"Sensor 2"
"State","current_strategy","is strategy selected by eps","RTS tag","mi^RTS","K"
"1","ALLC","False","0","1","1"
"Sensor 3"
"State","current_strategy","is strategy selected by eps","RTS tag","mi^RTS","K"
"1","KD","False","1","1","2"
"Sensor 4"
"State","current_strategy","is strategy selected by eps","RTS tag","mi^RTS","K"
"1","ALLC","False","0","0","1"
"Sensor 5"
"State","current_strategy","is strategy selected by eps","RTS tag","mi^RTS","K"
"1","KD","False","1","1","2"
"Procent of strategy changed","0,40"
"###iteration","19"
"#Debug part 2"
"##Sensors states"
"id","state"
"1","1"
"2","1"
"3","1"
"4","1"
"5","1"
"Sensor 1"
"curr_strat","is strategy selected by eps","RTS","m_i^RTS","k"
"ALLC","False","0","0","1"
"Strategia","Nagroda"
"ALLC","0,73"
"KDC","0,00"
"ALLC","0,73"
"ALLC","0,73"
"Sensor 2"
"curr_strat","is strategy selected by eps","RTS","m_i^RTS","k"
"ALLC","False","0","1","1"
"Strategia","Nagroda"
"ALLC","0,57"
"ALLC","0,35"
"KD","0,52"
"ALLC","0,52"
"Sensor 3"
"curr_strat","is strategy selected by eps","RTS","m_i^RTS","k"
"KD","False","1","1","2"
"Strategia","Nagroda"
"KD","0,73"
"KD","0,73"
"KD","0,90"
"KD","0,90"
"Sensor 4"
"curr_strat","is strategy selected by eps","RTS","m_i^RTS","k"
"ALLC","False","0","0","1"
"Strategia","Nagroda"
"ALLC","0,90"
"KC","0,00"
"ALLC","0,90"
"ALLC","0,90"
"Sensor 5"
"curr_strat","is strategy selected by eps","RTS","m_i^RTS","k"
"KD","False","1","1","2"
"Strategia","Nagroda"
"KD","0,73"
"ALLC","0,73"
"ALLC","0,61"
"ALLC","0,61"
"#Debug part 3"
"Sensor 1"
"rev_i","rev_to_Send","rev_sh","sum"
"0,73","0,00","0,00","0,73"
"Sensor 2"
"rev_i","rev_to_Send","rev_sh","sum"
"0,57","0,29","0,24","0,57"
"Sensor 3"
"rev_i","rev_to_Send","rev_sh","sum"
"0,71","0,36","0,38","0,73"
"Sensor 4"
"rev_i","rev_to_Send","rev_sh","sum"
"0,90","0,00","0,00","0,90"
"Sensor 5"
"rev_i","rev_to_Send","rev_sh","sum"
"0,75","0,38","0,36","0,73"
"#Debug part 4"
"Sum","0,73"
"#Debug part 5"
"Sensor Number","State","Strategy Name","is strategy selected by eps","k"
"Sensor1","1","ALLC","False","1"
"Sensor2","1","ALLC","False","1"
"Sensor3","1","ALLC","True","2"
"Sensor4","1","ALLC","False","1"
"Sensor5","1","AllD","True","2"
"###iteration","20"
"#Debug part 2"
"##Sensors states"
"id","state"
"1","1"
"2","1"
"3","1"
"4","1"
"5","0"
"Sensor 1"
"curr_strat","is strategy selected by eps","RTS","m_i^RTS","k"
"ALLC","False","0","0","1"
"Strategia","Nagroda"
"KDC","0,00"
"ALLC","0,73"
"ALLC","0,73"
"ALLC","0,73"
"Sensor 2"
"curr_strat","is strategy selected by eps","RTS","m_i^RTS","k"
"ALLC","False","0","1","1"
"Strategia","Nagroda"
"ALLC","0,35"
"KD","0,52"
"ALLC","0,52"
"ALLC","0,57"
"Sensor 3"
"curr_strat","is strategy selected by eps","RTS","m_i^RTS","k"
"ALLC","True","1","1","2"
"Strategia","Nagroda"
"KD","0,73"
"KD","0,90"
"KD","0,90"
"KD","0,73"
"Sensor 4"
"curr_strat","is strategy selected by eps","RTS","m_i^RTS","k"
"ALLC","False","0","0","1"
"Strategia","Nagroda"
"KC","0,00"
"ALLC","0,90"
"ALLC","0,90"
"ALLC","0,90"
"Sensor 5"
"curr_strat","is strategy selected by eps","RTS","m_i^RTS","k"
"AllD","True","1","1","2"
"Strategia","Nagroda"
"ALLC","0,73"
"ALLC","0,61"
"ALLC","0,61"
"KD","0,73"
"#Debug part 3"
"Sensor 1"
"rev_i","rev_to_Send","rev_sh","sum"
"0,73","0,00","0,00","1,45"
"Sensor 2"
"rev_i","rev_to_Send","rev_sh","sum"
"0,57","0,29","0,24","1,14"
"Sensor 3"
"rev_i","rev_to_Send","rev_sh","sum"
"0,46","0,23","0,00","0,96"
"Sensor 4"
"rev_i","rev_to_Send","rev_sh","sum"
"0,90","0,00","0,00","1,80"
"Sensor 5"
"rev_i","rev_to_Send","rev_sh","sum"
"0,00","0,00","0,23","0,96"
"#Debug part 4"
"Sum","0,63"
"#Debug part 5"
"Sensor Number","State","Strategy Name","is strategy selected by eps","k"
"Sensor1","1","ALLC","False","1"
"Sensor2","1","KC","True","2"
"Sensor3","1","KD","False","2"
"Sensor4","1","ALLC","False","1"
"Sensor5","0","KD","False","2"
"#Debug part 6"
"Sensor 1"
"id","current_strategy","RTS tag","mi^RTS","K"
"-","-","-","-","-"
"Sensor 2"
"id","current_strategy","RTS tag","mi^RTS","K"
"4","ALLC","0","0","1"
"Sensor 3"
"id","current_strategy","RTS tag","mi^RTS","K"
"2","KC","0","1","2"
"Sensor 4"
"id","current_strategy","RTS tag","mi^RTS","K"
"-","-","-","-","-"
"Sensor 5"
"id","current_strategy","RTS tag","mi^RTS","K"
"-","-","-","-","-"
"#Debug part 7"
"Sensor 1"
"State","current_strategy","is strategy selected by eps","RTS tag","mi^RTS","K"
"1","ALLC","False","0","0","1"
"Sensor 2"
"State","current_strategy","is strategy selected by eps","RTS tag","mi^RTS","K"
"1","ALLC","True","0","0","1"
"Sensor 3"
"State","current_strategy","is strategy selected by eps","RTS tag","mi^RTS","K"
"1","KC","False","0","1","2"
"Sensor 4"
"State","current_strategy","is strategy selected by eps","RTS tag","mi^RTS","K"
"1","ALLC","False","0","0","1"
"Sensor 5"
"State","current_strategy","is strategy selected by eps","RTS tag","mi^RTS","K"
"0","KD","False","1","0","2"
"Procent of strategy changed","0,40"
